epoch,cut_index,batch_appearances
1,1,2
1,2,2
1,3,1
1,4,2
1,5,2
1,6,2
1,7,2
1,8,2
1,9,2
1,10,3
1,11,3
1,12,2
1,13,3
1,14,2
1,15,2
1,16,3
1,17,2
1,18,2
1,19,1
1,20,2
1,21,1
1,22,2
1,23,2
1,24,3
1,25,1
1,26,1
1,27,2
1,28,2
1,29,3
1,30,2
1,31,2
1,32,2
1,34,1
1,35,2
1,36,1
1,37,2
1,38,2
1,39,2
1,40,3
1,41,2
1,42,2
1,43,2
1,44,2
1,45,1
1,47,1
1,48,2
1,49,2
1,50,2
1,51,2
1,52,1
1,53,1
1,54,2
1,55,2
1,56,2
1,57,1
1,58,3
1,59,1
1,60,2
1,61,2
1,62,2
1,64,1
1,65,1
1,66,1
1,67,2
1,68,2
1,69,2
1,70,1
1,71,2
1,72,1
1,73,2
1,74,1
1,75,2
1,76,2
1,77,1
1,78,2
1,79,3
1,80,2
1,81,2
1,82,1
1,83,1
1,84,2
1,85,1
1,86,1
1,87,2
1,88,2
1,89,2
1,90,3
1,91,2
1,92,2
1,93,2
1,94,1
1,95,2
1,96,3
1,97,2
1,98,1
1,99,2
1,100,2
1,101,3
1,102,2
1,103,2
1,104,2
1,105,2
1,106,1
1,107,2
1,108,3
1,109,3
1,110,1
1,111,1
1,112,2
1,113,2
1,114,1
1,115,3
1,116,2
1,117,2
1,118,2
1,119,2
1,120,2
1,121,1
1,122,2
1,123,2
1,124,2
1,125,3
1,126,1
1,127,2
1,128,2
1,129,3
1,130,3
1,131,2
1,132,2
1,133,1
1,134,2
1,135,2
1,136,3
1,137,2
1,138,3
1,139,2
1,140,2
1,141,2
1,142,1
1,143,2
1,144,2
1,145,2
1,147,2
1,148,3
1,149,1
1,150,2
1,151,2
1,152,2
1,153,2
1,154,2
1,155,2
1,156,1
1,158,2
1,159,2
1,160,2
1,161,3
1,162,2
1,163,2
1,164,1
1,165,2
1,166,2
1,167,3
1,168,3
1,169,1
1,170,2
1,171,1
1,172,1
1,173,2
1,175,3
1,176,2
1,177,1
1,178,2
1,179,1
1,180,2
1,181,2
1,182,2
1,183,2
1,184,2
1,185,1
1,186,1
1,187,2
1,188,3
1,189,2
1,190,1
1,191,1
1,192,2
1,193,2
1,194,2
1,195,3
1,196,2
1,197,2
1,198,2
1,199,2
1,200,1
1,201,2
1,202,1
1,203,3
1,204,2
1,205,3
1,206,2
1,207,2
1,208,2
1,209,1
1,210,2
1,211,2
1,212,1
1,213,1
1,214,3
1,215,2
1,216,2
1,217,1
1,218,3
1,219,2
1,220,2
1,221,2
1,222,1
1,223,2
1,226,2
1,227,1
1,228,2
1,229,2
1,230,2
1,231,2
1,232,2
1,233,3
1,234,1
1,235,2
1,236,3
1,237,3
1,238,1
1,239,3
1,240,1
1,241,1
1,242,2
1,243,2
1,244,1
1,245,2
1,246,2
1,247,1
1,248,2
1,250,1
1,251,2
1,252,2
1,253,3
1,254,1
1,255,2
1,256,1
1,257,3
1,258,2
1,259,3
1,260,1
1,261,1
1,262,1
1,263,1
1,264,2
1,265,1
1,266,2
1,267,2
1,268,2
1,269,2
1,270,2
1,271,2
1,272,2
1,273,2
1,274,2
1,275,1
1,276,2
1,277,1
1,278,2
1,279,1
1,280,2
1,281,3
1,282,3
1,283,2
1,284,3
1,285,2
1,286,1
1,287,1
1,288,1
1,289,3
1,290,1
1,291,2
1,292,2
1,293,2
1,294,2
1,295,1
1,296,2
1,297,2
1,298,2
1,299,2
1,300,2
1,301,2
1,302,3
1,303,2
1,304,1
1,305,2
1,306,2
1,307,2
1,308,1
1,309,1
1,310,2
1,311,2
1,312,2
1,313,3
1,315,3
2,1,2
2,2,3
2,3,2
2,4,2
2,5,1
2,6,2
2,7,2
2,8,2
2,9,3
2,10,1
2,11,1
2,12,2
2,13,1
2,14,2
2,15,2
2,16,1
2,17,3
2,18,2
2,19,2
2,20,2
2,21,2
2,22,2
2,23,3
2,24,2
2,25,2
2,26,2
2,27,3
2,28,2
2,30,3
2,32,1
2,33,2
2,34,2
2,35,2
2,36,2
2,37,2
2,38,2
2,39,1
2,40,2
2,41,3
2,42,1
2,43,2
2,44,2
2,45,1
2,46,1
2,47,1
2,48,1
2,49,2
2,50,3
2,51,1
2,52,1
2,53,3
2,54,3
2,55,1
2,56,2
2,57,2
2,58,2
2,59,2
2,60,2
2,61,3
2,62,2
2,63,3
2,65,1
2,66,1
2,67,3
2,68,2
2,69,1
2,70,2
2,71,2
2,72,1
2,73,2
2,74,1
2,75,1
2,76,3
2,77,3
2,78,1
2,79,2
2,80,3
2,81,1
2,82,2
2,83,2
2,84,2
2,85,2
2,86,3
2,87,3
2,89,2
2,90,2
2,91,2
2,92,2
2,93,2
2,94,2
2,95,1
2,96,2
2,98,3
2,99,2
2,100,1
2,102,2
2,103,3
2,104,3
2,105,3
2,106,2
2,107,2
2,108,2
2,109,2
2,110,2
2,111,2
2,112,2
2,113,3
2,114,2
2,115,1
2,116,2
2,117,3
2,118,3
2,119,1
2,120,1
2,121,1
2,122,2
2,123,1
2,124,2
2,125,1
2,126,3
2,127,2
2,128,2
2,129,1
2,130,2
2,131,2
2,132,1
2,133,2
2,134,3
2,135,1
2,136,1
2,137,3
2,138,1
2,139,3
2,140,1
2,141,1
2,142,3
2,143,1
2,144,1
2,145,1
2,146,1
2,147,2
2,148,2
2,149,1
2,150,2
2,151,3
2,152,2
2,153,2
2,154,2
2,155,2
2,156,2
2,157,3
2,158,2
2,159,2
2,160,2
2,161,2
2,162,1
2,163,2
2,164,2
2,165,2
2,166,1
2,167,2
2,168,2
2,169,3
2,170,2
2,171,3
2,172,1
2,173,2
2,174,3
2,175,1
2,176,1
2,177,1
2,178,1
2,179,2
2,180,3
2,181,3
2,182,1
2,183,1
2,184,2
2,185,2
2,186,2
2,187,3
2,188,1
2,189,3
2,190,3
2,191,1
2,192,2
2,193,1
2,194,1
2,196,1
2,197,3
2,198,1
2,199,2
2,200,2
2,201,2
2,202,3
2,203,1
2,204,2
2,205,2
2,206,2
2,207,2
2,208,2
2,209,1
2,210,2
2,211,2
2,212,2
2,213,2
2,215,1
2,216,2
2,217,1
2,218,1
2,219,1
2,220,2
2,221,3
2,222,2
2,223,2
2,224,1
2,225,3
2,226,1
2,227,3
2,228,3
2,229,1
2,231,1
2,232,2
2,233,2
2,234,3
2,235,3
2,236,2
2,237,2
2,238,2
2,240,1
2,241,1
2,242,2
2,244,2
2,245,2
2,246,2
2,247,2
2,248,1
2,249,2
2,250,2
2,251,3
2,252,2
2,253,1
2,254,3
2,255,1
2,256,2
2,257,2
2,259,2
2,260,2
2,261,2
2,262,2
2,263,2
2,264,2
2,265,3
2,266,2
2,267,2
2,268,2
2,269,2
2,270,1
2,271,2
2,272,3
2,273,3
2,274,3
2,275,2
2,276,2
2,277,3
2,278,2
2,279,1
2,280,1
2,281,2
2,282,1
2,283,2
2,284,1
2,285,1
2,286,2
2,287,3
2,288,1
2,289,1
2,290,3
2,291,2
2,292,2
2,293,3
2,294,1
2,295,1
2,296,1
2,297,2
2,298,1
2,300,3
2,301,2
2,302,1
2,303,2
2,304,1
2,305,3
2,306,3
2,307,1
2,308,1
2,309,2
2,310,2
2,311,3
2,312,1
2,313,2
2,314,2
2,315,2
3,1,3
3,2,2
3,3,1
3,4,1
3,5,3
3,6,1
3,7,2
3,8,2
3,9,2
3,10,2
3,11,2
3,12,2
3,13,3
3,14,2
3,15,2
3,16,1
3,17,1
3,18,1
3,19,1
3,20,1
3,21,2
3,22,2
3,23,1
3,24,1
3,25,1
3,26,3
3,27,1
3,28,2
3,29,2
3,30,2
3,31,2
3,32,3
3,33,1
3,34,3
3,35,1
3,36,2
3,37,1
3,38,2
3,39,2
3,40,2
3,41,1
3,42,3
3,43,1
3,44,2
3,45,1
3,46,1
3,47,2
3,48,3
3,49,2
3,50,1
3,51,3
3,52,2
3,53,1
3,55,2
3,56,2
3,57,1
3,58,2
3,59,2
3,60,2
3,61,2
3,62,1
3,63,1
3,65,2
3,66,2
3,67,2
3,68,2
3,69,1
3,70,2
3,71,1
3,72,3
3,73,2
3,74,2
3,75,1
3,76,1
3,77,1
3,78,2
3,79,1
3,80,2
3,81,3
3,82,2
3,83,1
3,84,2
3,85,2
3,86,1
3,87,2
3,88,1
3,89,2
3,90,1
3,91,2
3,92,2
3,93,1
3,94,1
3,95,3
3,96,2
3,97,1
3,98,1
3,99,3
3,100,2
3,101,3
3,102,2
3,103,1
3,104,2
3,105,1
3,106,3
3,107,2
3,108,2
3,109,2
3,110,2
3,111,2
3,112,1
3,115,2
3,116,1
3,117,1
3,118,2
3,119,3
3,120,2
3,121,3
3,122,3
3,123,2
3,124,2
3,125,3
3,127,1
3,128,2
3,129,2
3,130,2
3,131,1
3,132,1
3,133,2
3,134,1
3,135,1
3,136,1
3,137,2
3,138,2
3,139,1
3,140,3
3,141,3
3,142,2
3,143,3
3,144,3
3,145,2
3,146,2
3,147,2
3,148,2
3,149,1
3,150,2
3,152,3
3,153,3
3,154,2
3,155,2
3,156,2
3,158,3
3,160,2
3,161,1
3,162,2
3,163,2
3,164,2
3,165,2
3,166,3
3,167,2
3,168,2
3,169,1
3,170,3
3,171,2
3,172,2
3,173,2
3,174,2
3,175,3
3,176,2
3,177,3
3,178,1
3,179,2
3,180,1
3,181,1
3,182,2
3,183,1
3,184,2
3,185,2
3,186,3
3,187,2
3,188,2
3,190,2
3,191,2
3,192,3
3,193,2
3,194,2
3,195,1
3,197,1
3,198,2
3,199,3
3,200,2
3,201,2
3,202,2
3,203,3
3,204,3
3,205,2
3,206,3
3,207,1
3,208,2
3,209,2
3,210,3
3,211,3
3,212,3
3,213,2
3,214,2
3,215,1
3,216,2
3,217,1
3,218,2
3,219,2
3,220,2
3,221,1
3,222,3
3,223,3
3,224,2
3,225,1
3,227,2
3,228,2
3,229,3
3,230,3
3,231,1
3,232,2
3,233,2
3,234,2
3,235,1
3,236,1
3,237,2
3,238,2
3,239,2
3,240,3
3,241,1
3,242,3
3,243,3
3,244,1
3,245,3
3,246,3
3,247,2
3,248,3
3,249,1
3,250,3
3,251,2
3,252,1
3,255,3
3,256,3
3,257,1
3,258,3
3,259,1
3,260,2
3,261,2
3,262,2
3,263,1
3,264,2
3,265,2
3,266,1
3,267,2
3,268,2
3,269,3
3,270,3
3,271,3
3,272,1
3,273,2
3,274,1
3,275,2
3,277,1
3,278,2
3,279,3
3,280,1
3,281,2
3,282,3
3,283,1
3,284,1
3,285,3
3,286,3
3,287,1
3,288,2
3,289,2
3,290,2
3,291,2
3,292,1
3,293,2
3,294,2
3,295,2
3,296,3
3,297,1
3,298,3
3,299,2
3,300,2
3,301,1
3,302,3
3,303,2
3,304,1
3,305,1
3,306,2
3,307,2
3,308,2
3,309,3
3,310,2
3,311,1
3,312,2
3,313,2
3,314,2
4,1,1
4,2,2
4,3,2
4,4,3
4,5,2
4,6,3
4,8,2
4,9,1
4,10,2
4,11,1
4,12,3
4,13,2
4,14,2
4,15,2
4,16,1
4,17,3
4,18,2
4,19,1
4,20,2
4,21,2
4,22,2
4,23,3
4,25,3
4,26,2
4,27,1
4,28,2
4,29,2
4,30,2
4,31,3
4,32,1
4,33,2
4,34,2
4,35,1
4,36,3
4,37,3
4,38,3
4,39,2
4,40,2
4,41,2
4,42,2
4,44,2
4,45,3
4,46,1
4,47,2
4,48,2
4,49,2
4,50,1
4,51,1
4,52,1
4,53,3
4,54,2
4,55,2
4,56,2
4,57,2
4,58,2
4,59,2
4,60,2
4,61,2
4,62,2
4,63,2
4,64,2
4,65,2
4,66,2
4,67,1
4,68,2
4,69,2
4,70,2
4,71,1
4,72,2
4,73,2
4,74,2
4,75,1
4,76,2
4,77,1
4,78,2
4,79,3
4,80,2
4,81,1
4,82,1
4,83,2
4,84,2
4,85,2
4,86,1
4,87,2
4,88,2
4,89,2
4,90,2
4,91,3
4,92,1
4,93,1
4,94,3
4,95,2
4,96,2
4,97,1
4,98,2
4,99,1
4,100,2
4,101,2
4,102,1
4,103,2
4,104,2
4,105,3
4,106,1
4,107,1
4,108,2
4,109,2
4,110,1
4,111,3
4,112,2
4,113,2
4,114,2
4,115,2
4,116,2
4,117,2
4,118,2
4,119,2
4,120,2
4,121,2
4,122,1
4,123,2
4,124,2
4,125,2
4,126,1
4,127,2
4,128,2
4,129,2
4,130,2
4,131,1
4,132,2
4,133,2
4,134,2
4,135,2
4,136,2
4,137,2
4,138,2
4,139,3
4,140,2
4,141,1
4,142,2
4,143,1
4,144,2
4,145,1
4,146,2
4,147,1
4,148,2
4,149,2
4,150,1
4,151,2
4,152,2
4,153,2
4,154,1
4,155,2
4,156,1
4,157,3
4,158,2
4,159,3
4,160,3
4,161,2
4,162,3
4,163,2
4,164,2
4,165,1
4,166,2
4,168,2
4,169,1
4,170,2
4,171,2
4,172,2
4,173,2
4,174,1
4,175,2
4,176,2
4,177,2
4,178,2
4,179,2
4,180,3
4,181,1
4,182,2
4,183,3
4,184,1
4,185,1
4,186,2
4,187,2
4,188,1
4,189,1
4,190,2
4,191,2
4,192,2
4,193,3
4,194,2
4,195,3
4,196,2
4,197,2
4,198,1
4,199,1
4,200,2
4,201,1
4,202,2
4,203,2
4,204,2
4,205,1
4,206,2
4,207,2
4,208,2
4,209,2
4,210,2
4,211,2
4,212,2
4,213,2
4,214,2
4,215,2
4,216,1
4,217,2
4,218,1
4,219,3
4,220,1
4,221,3
4,222,1
4,223,1
4,224,2
4,225,3
4,226,2
4,227,1
4,228,2
4,229,1
4,230,2
4,231,3
4,232,2
4,233,2
4,234,2
4,235,2
4,236,3
4,237,1
4,238,1
4,239,3
4,240,2
4,241,3
4,243,2
4,244,2
4,245,2
4,246,2
4,247,3
4,248,1
4,249,3
4,250,1
4,251,2
4,253,3
4,254,3
4,255,1
4,256,2
4,257,2
4,258,1
4,259,2
4,260,3
4,261,2
4,262,2
4,263,3
4,264,2
4,265,1
4,266,2
4,267,2
4,268,2
4,269,1
4,270,1
4,271,2
4,272,1
4,273,1
4,274,3
4,275,1
4,276,2
4,277,2
4,278,2
4,279,2
4,280,2
4,281,2
4,282,2
4,283,1
4,284,2
4,285,1
4,286,1
4,287,1
4,288,2
4,289,2
4,290,2
4,292,3
4,293,1
4,294,1
4,295,1
4,296,1
4,297,1
4,298,1
4,299,2
4,300,2
4,301,2
4,302,2
4,303,1
4,304,2
4,305,2
4,306,2
4,307,1
4,308,3
4,309,2
4,310,2
4,311,1
4,312,2
4,313,1
4,314,2
4,315,2
5,1,2
5,2,1
5,3,2
5,4,2
5,5,2
5,6,3
5,7,1
5,8,2
5,9,1
5,10,1
5,11,2
5,12,1
5,13,1
5,14,2
5,15,1
5,16,2
5,17,2
5,18,2
5,19,2
5,20,1
5,21,2
5,22,2
5,23,3
5,24,2
5,25,3
5,26,2
5,27,3
5,28,1
5,29,2
5,30,1
5,31,2
5,32,1
5,33,2
5,34,2
5,35,2
5,36,2
5,37,2
5,38,2
5,39,2
5,40,2
5,41,2
5,42,2
5,43,2
5,44,1
5,45,1
5,46,2
5,47,2
5,48,2
5,49,2
5,50,2
5,51,2
5,52,2
5,53,2
5,54,2
5,55,2
5,56,1
5,57,2
5,58,2
5,59,1
5,60,1
5,61,3
5,62,2
5,63,2
5,64,3
5,65,3
5,67,3
5,68,2
5,69,2
5,70,2
5,71,2
5,72,2
5,73,1
5,74,2
5,75,2
5,76,1
5,77,1
5,78,2
5,79,1
5,80,3
5,81,2
5,82,1
5,83,2
5,84,2
5,85,1
5,86,3
5,87,2
5,88,2
5,89,1
5,90,2
5,91,1
5,92,2
5,93,3
5,94,1
5,95,1
5,96,2
5,97,2
5,98,2
5,99,1
5,100,1
5,101,3
5,102,3
5,103,2
5,104,2
5,105,1
5,106,3
5,107,2
5,108,2
5,109,2
5,110,2
5,111,1
5,112,2
5,113,2
5,114,3
5,115,2
5,116,2
5,117,1
5,118,1
5,119,1
5,120,2
5,121,3
5,122,2
5,123,1
5,124,2
5,126,2
5,127,2
5,128,2
5,129,3
5,130,2
5,131,2
5,133,2
5,134,2
5,135,2
5,136,2
5,137,1
5,138,2
5,139,2
5,140,2
5,141,2
5,142,2
5,143,2
5,144,2
5,145,2
5,146,1
5,147,3
5,148,3
5,149,1
5,150,3
5,151,1
5,152,2
5,153,2
5,154,2
5,155,2
5,156,3
5,157,2
5,158,1
5,159,1
5,160,1
5,161,2
5,162,2
5,163,2
5,164,2
5,165,1
5,166,1
5,167,2
5,168,1
5,169,3
5,170,2
5,171,2
5,172,2
5,173,3
5,174,1
5,175,1
5,176,2
5,177,1
5,178,2
5,179,2
5,180,2
5,181,2
5,182,2
5,183,3
5,184,3
5,185,2
5,186,2
5,187,2
5,188,1
5,189,2
5,190,2
5,191,1
5,192,3
5,193,2
5,194,2
5,195,2
5,196,1
5,197,1
5,198,3
5,199,3
5,200,2
5,201,1
5,202,3
5,203,1
5,204,2
5,205,2
5,206,3
5,207,2
5,208,1
5,209,2
5,210,2
5,211,1
5,212,2
5,213,2
5,214,2
5,215,1
5,216,2
5,217,2
5,218,1
5,219,2
5,220,2
5,221,2
5,222,1
5,223,2
5,224,2
5,225,2
5,226,2
5,228,1
5,230,2
5,231,2
5,232,2
5,233,2
5,234,2
5,237,1
5,238,2
5,239,2
5,240,2
5,241,1
5,243,2
5,244,2
5,245,1
5,246,3
5,247,2
5,248,2
5,249,2
5,250,2
5,251,1
5,252,2
5,253,2
5,254,2
5,255,2
5,256,2
5,257,2
5,258,2
5,259,2
5,260,1
5,261,2
5,262,2
5,263,1
5,264,2
5,265,3
5,266,2
5,267,2
5,268,1
5,269,2
5,270,2
5,271,2
5,272,2
5,273,1
5,274,1
5,275,2
5,276,2
5,277,2
5,278,2
5,279,2
5,280,3
5,281,3
5,282,2
5,283,2
5,284,2
5,285,2
5,286,2
5,287,2
5,288,2
5,289,2
5,290,2
5,291,2
5,292,2
5,293,2
5,294,1
5,295,2
5,296,2
5,297,2
5,298,2
5,299,3
5,301,2
5,302,2
5,303,1
5,304,2
5,305,2
5,306,2
5,307,2
5,308,2
5,309,2
5,310,3
5,311,2
5,312,2
5,313,2
5,314,1
5,315,1
6,1,1
6,2,2
6,3,1
6,4,3
6,5,2
6,7,2
6,8,3
6,9,3
6,10,2
6,11,2
6,12,2
6,14,2
6,15,1
6,16,1
6,17,2
6,18,2
6,19,1
6,20,3
6,21,2
6,22,1
6,23,2
6,24,1
6,25,1
6,26,1
6,27,1
6,28,2
6,29,2
6,30,2
6,31,3
6,32,2
6,33,1
6,34,1
6,35,2
6,36,2
6,37,1
6,38,3
6,39,1
6,40,2
6,41,2
6,42,3
6,43,2
6,44,3
6,45,2
6,46,2
6,47,2
6,48,3
6,50,2
6,51,1
6,52,2
6,53,2
6,54,1
6,55,2
6,56,1
6,57,2
6,58,2
6,59,1
6,60,1
6,61,1
6,62,3
6,63,2
6,64,1
6,66,3
6,67,1
6,68,1
6,69,3
6,70,2
6,71,2
6,72,3
6,73,2
6,74,3
6,75,2
6,77,3
6,78,2
6,79,2
6,80,2
6,81,2
6,82,3
6,83,2
6,84,3
6,85,1
6,86,1
6,88,2
6,89,3
6,90,1
6,91,2
6,92,1
6,93,1
6,94,1
6,95,2
6,96,1
6,97,2
6,98,1
6,99,1
6,100,1
6,101,2
6,102,1
6,103,2
6,104,1
6,105,2
6,106,1
6,107,1
6,108,2
6,109,3
6,110,2
6,111,2
6,112,2
6,114,1
6,115,1
6,116,3
6,117,2
6,118,2
6,119,2
6,120,2
6,121,1
6,122,1
6,123,3
6,124,2
6,125,3
6,126,3
6,127,1
6,128,1
6,129,2
6,130,2
6,131,3
6,132,2
6,133,2
6,134,1
6,135,2
6,136,3
6,137,3
6,138,1
6,139,1
6,140,2
6,141,1
6,142,2
6,143,2
6,144,3
6,145,2
6,146,2
6,148,1
6,149,2
6,150,2
6,151,2
6,152,1
6,153,2
6,154,2
6,155,2
6,156,2
6,157,2
6,158,2
6,159,3
6,160,2
6,162,2
6,163,3
6,164,2
6,165,2
6,166,1
6,167,1
6,168,2
6,170,2
6,171,2
6,172,3
6,173,2
6,174,1
6,175,2
6,176,2
6,177,1
6,178,2
6,179,1
6,180,3
6,181,1
6,182,2
6,183,2
6,184,2
6,185,1
6,186,1
6,188,3
6,189,2
6,190,1
6,191,2
6,193,1
6,195,2
6,196,3
6,197,1
6,198,1
6,199,1
6,200,2
6,201,3
6,202,2
6,203,1
6,204,3
6,205,2
6,207,2
6,208,3
6,209,1
6,210,3
6,211,2
6,212,2
6,213,2
6,214,2
6,215,2
6,216,3
6,217,2
6,218,2
6,219,1
6,220,2
6,221,3
6,222,1
6,223,2
6,224,3
6,225,3
6,226,2
6,227,3
6,228,3
6,229,3
6,230,2
6,231,1
6,232,3
6,233,1
6,234,2
6,235,3
6,236,2
6,237,3
6,238,3
6,239,3
6,240,2
6,241,2
6,242,3
6,243,2
6,244,2
6,245,2
6,246,2
6,247,1
6,248,2
6,249,2
6,250,3
6,251,1
6,252,3
6,253,3
6,254,3
6,255,2
6,256,2
6,257,1
6,258,1
6,259,3
6,260,2
6,261,2
6,263,2
6,264,2
6,265,1
6,266,2
6,267,3
6,268,3
6,269,1
6,270,3
6,271,2
6,272,2
6,273,3
6,274,2
6,275,2
6,276,2
6,277,1
6,278,2
6,279,2
6,280,2
6,282,3
6,283,2
6,284,1
6,285,2
6,286,2
6,287,2
6,288,3
6,289,1
6,290,1
6,291,2
6,292,2
6,293,2
6,294,2
6,295,2
6,296,2
6,297,1
6,298,2
6,299,1
6,300,1
6,301,2
6,302,3
6,303,2
6,304,2
6,305,3
6,306,1
6,308,3
6,309,2
6,310,1
6,311,1
6,312,1
6,313,3
6,314,1
6,315,3
7,1,2
7,2,1
7,3,1
7,4,1
7,5,2
7,6,2
7,7,2
7,8,2
7,10,3
7,11,2
7,12,1
7,13,2
7,14,2
7,15,3
7,16,3
7,17,3
7,19,1
7,20,1
7,21,2
7,22,2
7,23,2
7,24,3
7,25,2
7,26,3
7,27,3
7,28,1
7,29,1
7,30,2
7,31,2
7,32,2
7,33,3
7,34,3
7,35,2
7,36,1
7,37,3
7,39,1
7,40,1
7,41,3
7,42,2
7,43,1
7,44,2
7,45,1
7,46,2
7,47,2
7,48,2
7,49,2
7,50,1
7,51,3
7,52,2
7,53,2
7,55,1
7,56,3
7,57,2
7,58,2
7,59,3
7,60,1
7,61,2
7,62,2
7,63,2
7,64,2
7,65,2
7,66,1
7,67,2
7,68,1
7,69,2
7,70,1
7,71,2
7,72,2
7,73,1
7,74,1
7,75,1
7,76,2
7,77,2
7,78,2
7,79,2
7,80,2
7,81,3
7,82,2
7,83,2
7,84,1
7,85,1
7,86,3
7,87,2
7,88,2
7,89,2
7,90,2
7,91,3
7,92,2
7,93,2
7,94,3
7,95,3
7,96,1
7,97,1
7,98,2
7,99,2
7,100,1
7,101,1
7,102,2
7,104,3
7,105,1
7,106,1
7,107,3
7,108,1
7,109,1
7,110,2
7,111,1
7,112,3
7,113,2
7,114,2
7,115,1
7,117,1
7,118,3
7,119,2
7,120,1
7,121,2
7,122,3
7,123,2
7,124,3
7,125,1
7,127,2
7,128,2
7,129,1
7,130,3
7,131,1
7,132,2
7,133,2
7,134,3
7,135,2
7,136,1
7,137,2
7,138,3
7,139,2
7,140,3
7,141,2
7,142,1
7,143,3
7,144,2
7,145,3
7,146,3
7,147,2
7,148,3
7,149,2
7,150,1
7,151,2
7,152,2
7,153,2
7,154,1
7,155,3
7,156,2
7,157,1
7,158,2
7,159,1
7,160,1
7,161,3
7,162,1
7,163,2
7,164,2
7,165,2
7,166,3
7,167,2
7,168,1
7,169,2
7,170,1
7,171,1
7,172,1
7,173,1
7,174,1
7,175,3
7,176,1
7,177,3
7,179,2
7,180,2
7,181,1
7,182,3
7,183,1
7,184,1
7,185,2
7,186,2
7,187,3
7,188,2
7,189,2
7,190,2
7,191,2
7,192,1
7,193,3
7,194,2
7,195,1
7,196,1
7,197,1
7,198,3
7,199,1
7,200,1
7,201,2
7,202,1
7,203,3
7,205,3
7,206,2
7,207,2
7,208,2
7,209,2
7,210,1
7,211,3
7,212,2
7,213,2
7,214,1
7,215,3
7,216,2
7,217,1
7,218,3
7,219,1
7,220,1
7,221,1
7,222,3
7,223,2
7,224,1
7,225,2
7,226,2
7,227,2
7,228,2
7,229,2
7,230,2
7,231,3
7,232,2
7,233,3
7,234,2
7,235,1
7,236,3
7,237,1
7,238,2
7,240,3
7,241,2
7,242,2
7,245,2
7,246,1
7,247,2
7,248,2
7,249,2
7,250,1
7,251,2
7,253,1
7,254,1
7,255,1
7,257,2
7,258,2
7,259,2
7,260,3
7,261,2
7,262,3
7,263,3
7,264,1
7,265,2
7,266,2
7,267,2
7,268,2
7,269,3
7,270,1
7,271,2
7,272,1
7,274,2
7,275,2
7,276,2
7,277,2
7,278,3
7,279,3
7,280,1
7,281,2
7,282,1
7,283,2
7,284,3
7,285,2
7,286,1
7,287,1
7,288,1
7,289,3
7,290,1
7,291,3
7,293,2
7,294,2
7,295,2
7,296,1
7,297,2
7,298,3
7,299,2
7,300,2
7,301,3
7,302,2
7,303,3
7,304,3
7,305,1
7,306,2
7,307,2
7,308,2
7,309,2
7,310,3
7,311,2
7,312,2
7,313,2
7,314,3
7,315,2
8,1,2
8,2,2
8,3,3
8,4,1
8,5,2
8,6,3
8,7,1
8,8,1
8,9,3
8,10,2
8,11,2
8,12,2
8,13,2
8,14,1
8,15,2
8,16,2
8,17,2
8,18,2
8,19,2
8,20,2
8,21,2
8,22,2
8,23,1
8,24,1
8,25,3
8,26,2
8,27,2
8,28,2
8,29,3
8,30,2
8,31,1
8,32,1
8,33,1
8,34,2
8,35,2
8,36,1
8,37,2
8,38,2
8,39,2
8,40,3
8,41,1
8,42,2
8,43,2
8,44,2
8,45,2
8,46,1
8,47,2
8,48,2
8,49,2
8,50,1
8,51,2
8,52,2
8,53,2
8,54,3
8,55,2
8,56,2
8,57,1
8,58,2
8,59,2
8,60,1
8,61,2
8,62,2
8,63,2
8,64,2
8,65,1
8,66,2
8,67,1
8,68,2
8,69,2
8,70,2
8,71,1
8,72,2
8,73,2
8,74,3
8,75,2
8,76,2
8,77,2
8,78,2
8,79,2
8,80,1
8,81,2
8,82,2
8,83,2
8,84,2
8,85,2
8,86,2
8,87,2
8,88,2
8,89,2
8,91,2
8,92,2
8,93,1
8,94,2
8,95,1
8,96,2
8,97,2
8,98,2
8,99,2
8,100,2
8,101,2
8,102,3
8,103,3
8,104,2
8,105,1
8,106,1
8,107,2
8,108,2
8,109,2
8,110,2
8,111,2
8,112,1
8,113,3
8,114,2
8,115,3
8,116,2
8,117,1
8,118,2
8,119,1
8,120,2
8,121,2
8,122,2
8,123,2
8,124,1
8,125,3
8,126,2
8,127,2
8,128,1
8,129,3
8,130,1
8,131,2
8,132,2
8,133,1
8,134,2
8,135,1
8,136,2
8,137,1
8,139,2
8,140,2
8,141,2
8,142,3
8,143,2
8,144,1
8,145,2
8,146,2
8,147,2
8,148,2
8,149,2
8,150,1
8,151,2
8,152,1
8,153,1
8,154,2
8,155,2
8,156,1
8,157,1
8,158,2
8,159,2
8,160,2
8,161,1
8,162,2
8,163,2
8,164,2
8,165,1
8,166,2
8,167,1
8,168,2
8,169,2
8,170,2
8,171,1
8,172,2
8,173,3
8,174,2
8,175,2
8,176,2
8,177,2
8,178,1
8,180,1
8,181,2
8,182,1
8,183,3
8,184,2
8,185,1
8,186,2
8,187,2
8,188,2
8,189,2
8,190,1
8,191,2
8,192,2
8,193,1
8,194,3
8,195,2
8,196,2
8,197,2
8,198,1
8,199,2
8,200,2
8,201,2
8,202,2
8,203,2
8,204,2
8,205,2
8,206,2
8,207,2
8,209,2
8,210,2
8,211,1
8,212,2
8,213,2
8,214,1
8,215,1
8,216,1
8,217,2
8,218,2
8,219,3
8,220,2
8,221,2
8,222,1
8,223,1
8,224,1
8,225,2
8,226,2
8,227,1
8,228,1
8,229,1
8,230,2
8,231,2
8,232,1
8,233,2
8,234,2
8,235,2
8,236,2
8,237,2
8,238,2
8,239,3
8,240,2
8,241,2
8,242,1
8,243,3
8,244,2
8,245,2
8,246,2
8,247,2
8,248,3
8,249,2
8,250,1
8,251,2
8,252,3
8,253,2
8,254,2
8,255,2
8,256,3
8,257,2
8,258,1
8,259,1
8,260,2
8,261,3
8,262,2
8,263,1
8,264,2
8,265,2
8,266,1
8,267,2
8,268,2
8,269,2
8,270,2
8,271,2
8,273,2
8,274,2
8,275,2
8,276,2
8,277,1
8,278,2
8,279,1
8,280,2
8,281,1
8,282,2
8,283,2
8,284,2
8,285,2
8,286,1
8,287,3
8,288,2
8,289,2
8,290,2
8,291,2
8,292,3
8,293,3
8,294,3
8,295,2
8,296,1
8,297,2
8,298,2
8,299,1
8,300,2
8,301,2
8,302,2
8,303,1
8,304,1
8,305,3
8,306,3
8,307,3
8,308,2
8,309,2
8,310,2
8,311,1
8,312,2
8,313,2
8,314,1
8,315,2
9,1,3
9,2,2
9,3,2
9,4,2
9,5,2
9,6,3
9,7,2
9,8,3
9,9,1
9,10,2
9,11,2
9,12,3
9,13,1
9,14,2
9,15,2
9,16,1
9,17,2
9,18,1
9,19,1
9,20,1
9,21,3
9,22,1
9,23,2
9,24,2
9,25,2
9,26,3
9,27,2
9,28,2
9,29,1
9,30,2
9,31,2
9,32,1
9,33,2
9,34,2
9,35,2
9,36,1
9,37,2
9,38,1
9,39,2
9,40,1
9,41,1
9,42,3
9,43,2
9,44,2
9,45,2
9,46,1
9,47,2
9,48,1
9,49,1
9,50,2
9,51,3
9,52,2
9,53,2
9,54,1
9,55,1
9,56,2
9,57,2
9,58,1
9,59,2
9,60,2
9,61,1
9,62,3
9,63,2
9,64,2
9,65,2
9,66,2
9,67,2
9,68,2
9,69,3
9,70,2
9,71,2
9,72,1
9,73,2
9,74,2
9,75,3
9,76,3
9,77,2
9,78,2
9,79,3
9,80,2
9,81,1
9,82,2
9,83,2
9,84,2
9,85,2
9,86,2
9,87,3
9,88,2
9,89,2
9,90,2
9,91,1
9,92,2
9,93,2
9,94,1
9,95,2
9,96,2
9,97,3
9,98,2
9,99,2
9,100,3
9,101,1
9,102,2
9,103,2
9,104,2
9,105,2
9,106,2
9,107,2
9,108,3
9,109,2
9,110,2
9,111,2
9,112,2
9,113,1
9,114,2
9,115,2
9,116,1
9,117,1
9,118,2
9,119,3
9,120,2
9,121,2
9,122,3
9,123,2
9,124,2
9,125,1
9,126,2
9,127,2
9,128,1
9,129,3
9,130,2
9,131,2
9,132,1
9,133,2
9,134,2
9,135,2
9,136,2
9,137,2
9,138,2
9,139,2
9,140,2
9,141,2
9,142,2
9,143,1
9,144,2
9,145,2
9,146,2
9,147,2
9,148,1
9,149,2
9,151,1
9,152,2
9,153,2
9,154,2
9,155,3
9,156,2
9,157,3
9,158,2
9,159,3
9,160,1
9,161,2
9,162,3
9,163,2
9,164,1
9,165,1
9,166,2
9,167,2
9,168,1
9,169,2
9,170,2
9,171,2
9,172,2
9,173,2
9,174,1
9,175,3
9,176,1
9,177,1
9,178,1
9,179,1
9,180,2
9,181,1
9,182,2
9,183,2
9,184,2
9,186,3
9,187,3
9,189,1
9,190,1
9,191,2
9,192,2
9,195,2
9,196,2
9,197,2
9,198,2
9,199,1
9,200,2
9,201,2
9,202,2
9,203,1
9,204,1
9,205,2
9,206,2
9,207,1
9,208,3
9,209,2
9,210,2
9,211,2
9,212,3
9,213,1
9,214,2
9,215,1
9,216,2
9,217,2
9,218,2
9,219,1
9,220,1
9,221,1
9,222,2
9,223,2
9,224,2
9,225,3
9,226,1
9,227,2
9,228,2
9,229,2
9,230,2
9,231,2
9,232,2
9,233,2
9,235,2
9,236,1
9,237,3
9,238,2
9,239,2
9,240,2
9,241,1
9,242,3
9,243,3
9,244,2
9,245,2
9,246,2
9,247,2
9,248,1
9,249,2
9,250,2
9,251,2
9,252,2
9,253,3
9,255,2
9,256,2
9,258,2
9,259,2
9,260,1
9,261,2
9,262,2
9,263,2
9,264,1
9,265,2
9,267,2
9,268,2
9,269,2
9,270,2
9,271,1
9,272,2
9,273,3
9,274,2
9,275,2
9,276,2
9,277,3
9,278,2
9,279,2
9,280,2
9,281,2
9,282,1
9,283,2
9,284,2
9,285,2
9,286,2
9,287,2
9,288,3
9,289,2
9,290,2
9,291,2
9,292,1
9,293,1
9,294,1
9,295,2
9,296,2
9,297,1
9,298,2
9,299,1
9,300,1
9,301,3
9,302,2
9,303,2
9,304,2
9,305,3
9,306,2
9,307,1
9,308,1
9,309,2
9,310,2
9,311,2
9,314,2
9,315,2
10,1,2
10,2,1
10,3,2
10,4,1
10,5,2
10,6,1
10,7,2
10,8,2
10,9,2
10,10,2
10,11,2
10,13,2
10,14,2
10,15,3
10,16,3
10,17,3
10,18,3
10,19,3
10,20,3
10,21,1
10,22,1
10,23,2
10,24,2
10,25,2
10,26,1
10,27,1
10,28,3
10,29,1
10,30,2
10,31,2
10,32,2
10,33,2
10,34,3
10,35,2
10,36,2
10,37,2
10,38,1
10,39,1
10,40,2
10,41,2
10,42,1
10,43,2
10,44,2
10,45,1
10,46,3
10,47,2
10,48,1
10,49,2
10,50,1
10,51,2
10,52,1
10,53,1
10,54,3
10,55,3
10,56,1
10,57,3
10,58,1
10,59,2
10,60,2
10,61,1
10,62,1
10,63,2
10,64,2
10,65,2
10,66,2
10,67,2
10,68,2
10,69,1
10,70,2
10,71,3
10,72,3
10,73,1
10,74,1
10,75,1
10,76,2
10,77,1
10,78,3
10,79,1
10,80,3
10,81,1
10,82,2
10,83,2
10,84,2
10,85,1
10,86,2
10,87,1
10,88,2
10,89,3
10,90,2
10,91,2
10,92,2
10,93,2
10,94,1
10,95,3
10,96,2
10,97,1
10,98,2
10,99,3
10,100,2
10,101,3
10,102,1
10,103,3
10,104,3
10,105,2
10,106,2
10,107,2
10,108,1
10,109,2
10,110,1
10,111,2
10,112,2
10,113,2
10,114,2
10,115,2
10,116,2
10,117,1
10,118,1
10,119,1
10,120,2
10,122,2
10,123,3
10,124,3
10,125,2
10,126,2
10,127,1
10,128,3
10,130,2
10,131,3
10,132,1
10,133,1
10,134,2
10,135,2
10,136,1
10,137,1
10,138,3
10,139,3
10,140,3
10,142,2
10,143,1
10,144,2
10,145,3
10,146,2
10,147,2
10,148,3
10,149,3
10,150,1
10,151,2
10,152,1
10,153,2
10,154,1
10,155,1
10,156,2
10,157,1
10,158,1
10,159,1
10,160,1
10,161,3
10,162,1
10,163,1
10,164,2
10,165,2
10,166,2
10,167,1
10,168,2
10,169,1
10,170,2
10,172,1
10,173,3
10,174,1
10,175,1
10,176,3
10,177,3
10,178,3
10,179,1
10,180,2
10,181,2
10,182,2
10,183,1
10,184,3
10,185,1
10,186,1
10,187,2
10,188,3
10,189,1
10,190,1
10,191,3
10,192,3
10,193,3
10,194,2
10,195,1
10,196,2
10,197,2
10,198,2
10,199,3
10,200,2
10,201,2
10,202,3
10,203,2
10,204,3
10,205,1
10,206,3
10,207,2
10,208,1
10,209,1
10,210,2
10,211,2
10,212,2
10,213,3
10,214,2
10,215,3
10,216,2
10,217,3
10,218,2
10,219,1
10,220,2
10,221,1
10,222,3
10,223,2
10,224,2
10,226,3
10,227,1
10,228,2
10,229,1
10,230,3
10,231,1
10,232,3
10,233,1
10,234,2
10,235,2
10,236,2
10,237,1
10,238,1
10,240,1
10,241,3
10,242,2
10,243,1
10,244,1
10,245,2
10,246,2
10,247,2
10,248,1
10,249,1
10,250,3
10,251,2
10,252,2
10,253,2
10,254,2
10,255,1
10,257,1
10,258,3
10,259,1
10,260,2
10,261,3
10,262,3
10,263,1
10,264,3
10,265,1
10,266,2
10,267,1
10,268,2
10,269,2
10,270,1
10,271,1
10,272,1
10,273,2
10,274,2
10,275,3
10,276,2
10,277,1
10,278,3
10,279,2
10,280,1
10,281,2
10,282,2
10,283,3
10,284,1
10,285,2
10,286,2
10,287,2
10,288,1
10,289,1
10,290,2
10,291,3
10,292,2
10,293,1
10,294,2
10,295,2
10,296,2
10,297,2
10,298,1
10,300,1
10,301,1
10,302,1
10,303,3
10,304,2
10,305,1
10,306,2
10,307,3
10,308,2
10,309,1
10,310,3
10,311,1
10,312,1
10,313,3
10,314,2
10,315,3
11,2,1
11,3,3
11,4,2
11,5,2
11,6,2
11,7,2
11,8,2
11,9,2
11,10,2
11,11,1
11,12,2
11,13,2
11,14,1
11,15,1
11,16,1
11,17,2
11,18,2
11,19,2
11,20,2
11,21,3
11,22,3
11,23,1
11,24,2
11,26,3
11,27,2
11,28,2
11,30,3
11,31,2
11,32,2
11,33,2
11,34,1
11,35,1
11,36,3
11,37,3
11,39,1
11,40,3
11,41,1
11,42,2
11,43,3
11,44,2
11,45,3
11,46,1
11,47,1
11,48,3
11,49,1
11,50,2
11,51,2
11,52,3
11,54,1
11,55,1
11,56,2
11,57,1
11,58,3
11,59,2
11,60,3
11,61,2
11,62,2
11,63,1
11,65,1
11,66,2
11,67,1
11,68,2
11,69,2
11,70,3
11,71,1
11,72,1
11,73,1
11,74,1
11,75,2
11,76,2
11,77,3
11,78,2
11,79,2
11,80,2
11,81,3
11,82,1
11,83,3
11,84,2
11,85,1
11,86,2
11,87,3
11,88,3
11,89,2
11,90,3
11,91,3
11,92,3
11,93,3
11,94,3
11,95,1
11,96,2
11,97,2
11,98,2
11,99,1
11,100,1
11,101,1
11,102,3
11,103,1
11,104,2
11,105,3
11,106,1
11,107,1
11,108,2
11,109,3
11,110,2
11,111,2
11,112,2
11,113,1
11,114,2
11,115,3
11,116,2
11,117,2
11,118,1
11,119,3
11,120,1
11,121,1
11,122,2
11,123,2
11,124,1
11,125,1
11,126,3
11,127,2
11,128,2
11,129,1
11,130,2
11,131,2
11,132,2
11,133,1
11,134,3
11,135,1
11,136,2
11,137,2
11,140,1
11,141,3
11,142,3
11,143,2
11,144,1
11,145,2
11,146,3
11,147,1
11,148,2
11,149,2
11,150,3
11,151,2
11,152,3
11,153,2
11,154,2
11,155,1
11,156,1
11,157,1
11,158,3
11,159,3
11,160,3
11,161,2
11,162,2
11,163,2
11,164,3
11,165,1
11,166,3
11,167,1
11,168,2
11,169,2
11,170,1
11,171,3
11,172,1
11,173,2
11,174,3
11,175,2
11,176,2
11,177,1
11,178,1
11,179,3
11,180,2
11,182,2
11,183,1
11,184,1
11,185,1
11,186,2
11,187,2
11,188,1
11,189,1
11,190,2
11,191,2
11,192,1
11,194,1
11,195,2
11,197,3
11,198,1
11,199,2
11,200,1
11,201,2
11,202,2
11,203,2
11,204,2
11,205,2
11,206,1
11,207,1
11,208,1
11,209,1
11,210,1
11,211,3
11,212,1
11,213,1
11,214,1
11,215,2
11,216,3
11,217,2
11,218,1
11,219,2
11,220,3
11,221,2
11,222,2
11,223,1
11,224,2
11,225,3
11,226,1
11,227,2
11,228,3
11,229,3
11,230,2
11,231,2
11,232,1
11,233,2
11,234,2
11,235,1
11,236,3
11,237,3
11,238,3
11,239,3
11,240,3
11,241,2
11,242,1
11,243,2
11,244,3
11,245,2
11,246,2
11,247,2
11,249,1
11,250,1
11,251,3
11,252,2
11,253,2
11,254,3
11,255,2
11,256,1
11,257,3
11,259,3
11,260,2
11,261,2
11,262,2
11,263,3
11,264,1
11,265,2
11,266,1
11,267,2
11,268,2
11,269,2
11,270,3
11,271,1
11,272,1
11,273,2
11,274,2
11,275,2
11,276,1
11,277,2
11,279,2
11,280,2
11,281,2
11,282,2
11,283,1
11,284,3
11,285,3
11,286,3
11,288,3
11,289,2
11,290,2
11,291,2
11,292,1
11,293,1
11,294,1
11,295,3
11,296,2
11,297,1
11,298,2
11,300,2
11,301,1
11,302,2
11,303,1
11,304,1
11,305,2
11,306,2
11,307,2
11,308,3
11,309,2
11,310,2
11,311,2
11,312,2
11,313,2
11,314,2
11,315,2
12,1,2
12,2,3
12,3,2
12,4,2
12,5,1
12,6,2
12,7,2
12,8,2
12,10,1
12,11,3
12,12,2
12,13,1
12,14,1
12,15,2
12,16,3
12,18,2
12,19,2
12,20,1
12,21,1
12,22,1
12,23,1
12,24,3
12,25,2
12,26,1
12,27,2
12,28,2
12,29,3
12,30,1
12,31,1
12,32,2
12,33,2
12,34,2
12,35,3
12,36,2
12,37,2
12,38,2
12,39,3
12,40,1
12,41,1
12,42,1
12,43,1
12,44,2
12,45,1
12,46,2
12,47,2
12,48,1
12,49,2
12,50,1
12,51,2
12,52,2
12,53,2
12,54,2
12,55,1
12,56,2
12,57,3
12,58,2
12,59,1
12,60,1
12,61,2
12,63,1
12,64,1
12,65,2
12,66,2
12,67,3
12,68,1
12,69,3
12,70,2
12,71,2
12,72,1
12,73,2
12,74,2
12,75,2
12,76,2
12,77,2
12,78,2
12,79,2
12,80,2
12,81,1
12,82,3
12,83,2
12,84,2
12,85,2
12,86,2
12,87,2
12,88,1
12,89,2
12,90,2
12,91,1
12,92,2
12,93,1
12,95,1
12,96,2
12,97,2
12,98,2
12,99,2
12,100,2
12,101,3
12,102,2
12,103,2
12,104,2
12,105,2
12,106,2
12,107,3
12,108,1
12,109,2
12,110,2
12,111,2
12,112,2
12,113,2
12,114,1
12,115,2
12,116,3
12,117,1
12,118,3
12,119,2
12,120,2
12,121,3
12,122,2
12,123,2
12,124,2
12,125,1
12,126,1
12,127,2
12,128,2
12,129,2
12,130,2
12,131,2
12,133,2
12,134,2
12,135,2
12,136,2
12,137,2
12,138,2
12,139,2
12,140,2
12,141,2
12,142,2
12,143,1
12,144,2
12,145,2
12,146,2
12,147,1
12,148,2
12,149,1
12,150,2
12,151,2
12,152,2
12,153,2
12,154,2
12,155,3
12,156,2
12,157,3
12,158,1
12,160,1
12,161,1
12,162,2
12,163,1
12,164,1
12,165,1
12,166,2
12,167,2
12,168,2
12,169,2
12,170,2
12,171,2
12,172,3
12,173,1
12,174,2
12,175,1
12,176,1
12,177,3
12,178,2
12,179,2
12,180,3
12,181,3
12,182,2
12,183,2
12,184,2
12,185,2
12,186,2
12,187,2
12,189,2
12,190,2
12,191,1
12,192,2
12,193,3
12,194,3
12,195,2
12,196,3
12,197,2
12,198,2
12,199,2
12,200,2
12,201,3
12,202,1
12,203,2
12,204,2
12,205,2
12,206,2
12,207,2
12,208,2
12,209,1
12,210,3
12,211,2
12,212,3
12,213,2
12,214,2
12,215,2
12,216,2
12,217,1
12,218,3
12,220,2
12,221,1
12,222,2
12,223,2
12,224,2
12,225,2
12,226,2
12,227,1
12,228,2
12,229,2
12,230,2
12,231,2
12,232,2
12,233,2
12,234,2
12,235,1
12,236,2
12,237,1
12,238,2
12,239,2
12,240,2
12,241,1
12,242,3
12,243,2
12,244,2
12,245,3
12,246,2
12,247,1
12,248,2
12,249,3
12,251,2
12,252,2
12,253,2
12,254,2
12,255,1
12,256,2
12,257,2
12,258,3
12,259,1
12,261,1
12,262,1
12,263,2
12,264,3
12,265,2
12,266,2
12,267,2
12,268,2
12,269,2
12,270,2
12,271,2
12,272,2
12,273,2
12,274,2
12,275,2
12,276,1
12,277,2
12,278,1
12,279,1
12,280,2
12,281,3
12,282,2
12,283,3
12,284,2
12,285,2
12,286,1
12,287,2
12,288,2
12,289,2
12,290,1
12,291,2
12,292,1
12,293,2
12,294,3
12,295,2
12,296,1
12,297,1
12,298,2
12,299,3
12,300,2
12,301,1
12,302,2
12,303,3
12,304,3
12,305,2
12,306,1
12,307,2
12,308,1
12,309,2
12,310,1
12,311,2
12,312,2
12,313,2
12,314,1
12,315,2
13,1,3
13,2,2
13,3,2
13,4,2
13,5,1
13,6,2
13,7,2
13,8,1
13,9,3
13,10,3
13,11,1
13,12,2
13,13,3
13,14,2
13,15,2
13,16,3
13,17,2
13,18,2
13,19,2
13,20,2
13,21,2
13,22,2
13,23,2
13,24,1
13,25,2
13,26,1
13,27,2
13,28,2
13,29,2
13,31,2
13,32,2
13,33,2
13,34,2
13,35,1
13,36,2
13,37,3
13,38,2
13,39,3
13,40,1
13,41,1
13,42,2
13,43,2
13,44,1
13,45,2
13,46,2
13,47,2
13,48,2
13,49,2
13,50,3
13,51,2
13,52,2
13,53,2
13,56,2
13,57,2
13,58,2
13,59,1
13,60,1
13,61,2
13,62,3
13,63,2
13,64,1
13,65,3
13,66,2
13,67,1
13,68,1
13,69,2
13,70,1
13,71,2
13,72,3
13,73,1
13,74,1
13,75,3
13,76,1
13,77,2
13,78,3
13,79,1
13,80,2
13,81,3
13,82,3
13,83,1
13,84,2
13,85,2
13,86,1
13,87,2
13,88,2
13,89,3
13,90,2
13,91,3
13,92,1
13,93,2
13,94,2
13,95,2
13,96,2
13,97,2
13,98,1
13,99,2
13,100,1
13,101,2
13,102,2
13,103,1
13,104,1
13,105,2
13,106,1
13,107,3
13,108,2
13,109,2
13,110,1
13,111,3
13,112,2
13,113,2
13,114,1
13,115,1
13,116,2
13,117,2
13,118,2
13,119,2
13,120,1
13,121,2
13,122,2
13,123,2
13,124,1
13,125,1
13,126,1
13,127,2
13,128,2
13,129,2
13,130,1
13,131,2
13,132,3
13,133,3
13,134,2
13,135,1
13,136,1
13,137,2
13,138,3
13,139,2
13,140,2
13,141,2
13,142,1
13,143,2
13,144,2
13,145,1
13,146,2
13,147,2
13,148,2
13,150,2
13,151,1
13,152,1
13,153,2
13,154,2
13,155,2
13,156,2
13,157,2
13,158,3
13,159,2
13,160,3
13,161,2
13,162,2
13,163,1
13,164,2
13,165,2
13,166,2
13,167,2
13,168,2
13,169,1
13,170,2
13,171,2
13,172,2
13,173,3
13,174,2
13,175,2
13,176,2
13,177,2
13,178,2
13,179,1
13,180,2
13,181,1
13,182,2
13,183,1
13,184,1
13,185,2
13,186,2
13,187,2
13,188,1
13,189,2
13,190,1
13,191,2
13,192,2
13,193,1
13,194,1
13,195,2
13,196,2
13,197,2
13,198,2
13,199,2
13,200,2
13,201,2
13,202,2
13,203,2
13,204,1
13,205,2
13,206,2
13,207,1
13,208,1
13,209,3
13,210,2
13,211,2
13,212,2
13,213,2
13,214,1
13,215,2
13,216,2
13,217,2
13,218,1
13,219,1
13,220,2
13,221,2
13,222,2
13,223,2
13,224,2
13,225,1
13,226,1
13,227,1
13,228,2
13,230,2
13,231,1
13,232,2
13,233,2
13,234,2
13,235,2
13,236,3
13,237,2
13,238,2
13,239,1
13,240,1
13,241,2
13,242,2
13,243,2
13,244,2
13,245,1
13,246,3
13,247,1
13,248,2
13,249,2
13,250,1
13,251,3
13,252,2
13,253,2
13,254,2
13,255,2
13,256,2
13,257,2
13,258,1
13,259,2
13,260,2
13,261,2
13,262,2
13,263,1
13,264,3
13,265,2
13,266,2
13,267,2
13,268,2
13,269,1
13,270,3
13,271,1
13,272,3
13,273,2
13,274,2
13,275,2
13,276,3
13,277,1
13,278,3
13,279,2
13,280,2
13,281,2
13,282,2
13,283,2
13,284,2
13,285,2
13,286,2
13,287,1
13,288,2
13,289,1
13,290,2
13,291,3
13,292,2
13,293,2
13,294,2
13,295,2
13,296,2
13,297,3
13,298,2
13,299,1
13,300,1
13,301,3
13,302,1
13,303,2
13,304,1
13,305,2
13,306,2
13,307,3
13,308,1
13,309,2
13,310,1
13,311,2
13,312,1
13,314,2
13,315,2
14,1,2
14,2,3
14,3,1
14,5,3
14,6,1
14,7,1
14,8,2
14,9,2
14,10,1
14,11,3
14,12,1
14,13,1
14,14,3
14,15,2
14,16,2
14,17,2
14,18,1
14,19,3
14,20,3
14,21,1
14,22,1
14,23,1
14,24,1
14,25,2
14,26,2
14,27,2
14,28,1
14,29,2
14,30,3
14,31,2
14,32,2
14,33,2
14,34,2
14,35,1
14,36,2
14,37,2
14,39,2
14,40,2
14,41,2
14,42,3
14,43,1
14,44,2
14,45,2
14,46,2
14,47,1
14,48,1
14,49,3
14,50,1
14,51,1
14,52,2
14,53,2
14,54,3
14,55,1
14,56,1
14,58,1
14,59,2
14,60,2
14,61,1
14,62,1
14,63,3
14,64,3
14,65,1
14,66,1
14,67,2
14,68,2
14,69,3
14,70,2
14,71,3
14,72,2
14,73,1
14,74,2
14,75,2
14,76,3
14,77,1
14,78,1
14,79,3
14,80,2
14,82,1
14,83,2
14,84,1
14,85,1
14,86,2
14,87,2
14,88,2
14,89,1
14,90,2
14,91,1
14,92,2
14,93,2
14,94,3
14,95,1
14,96,2
14,97,3
14,98,2
14,99,2
14,100,2
14,102,2
14,103,2
14,104,2
14,105,2
14,106,1
14,107,1
14,108,2
14,109,2
14,110,2
14,111,2
14,112,3
14,113,2
14,115,2
14,116,2
14,117,3
14,118,2
14,119,1
14,120,2
14,121,3
14,122,3
14,123,2
14,124,2
14,125,2
14,126,2
14,127,2
14,128,1
14,129,3
14,130,3
14,131,1
14,132,1
14,133,2
14,134,2
14,135,2
14,136,1
14,137,2
14,138,1
14,139,2
14,140,2
14,141,3
14,142,2
14,143,3
14,144,1
14,145,2
14,146,2
14,148,1
14,149,2
14,150,2
14,151,1
14,152,3
14,153,2
14,155,2
14,156,1
14,157,2
14,158,1
14,159,3
14,160,2
14,161,2
14,162,3
14,163,1
14,164,3
14,166,1
14,167,2
14,168,1
14,169,2
14,170,2
14,171,1
14,172,2
14,173,1
14,174,3
14,175,1
14,176,2
14,177,2
14,178,2
14,179,1
14,180,2
14,181,2
14,182,3
14,183,3
14,184,1
14,185,2
14,186,1
14,187,3
14,188,2
14,189,3
14,190,3
14,191,2
14,192,2
14,193,3
14,194,1
14,195,2
14,196,2
14,197,3
14,198,2
14,199,3
14,200,2
14,201,1
14,202,3
14,203,1
14,204,2
14,205,3
14,206,2
14,207,2
14,208,2
14,209,1
14,210,1
14,211,3
14,212,3
14,213,2
14,214,3
14,215,3
14,217,1
14,218,3
14,219,1
14,220,3
14,221,1
14,222,2
14,223,2
14,224,3
14,225,2
14,226,3
14,228,2
14,229,1
14,230,1
14,231,2
14,232,2
14,233,2
14,234,3
14,235,1
14,236,2
14,237,1
14,238,2
14,239,2
14,240,2
14,241,1
14,242,3
14,243,2
14,244,2
14,245,3
14,246,2
14,247,3
14,248,1
14,249,2
14,250,3
14,252,1
14,253,2
14,254,2
14,255,1
14,256,3
14,257,1
14,258,2
14,259,3
14,260,2
14,261,1
14,262,2
14,263,1
14,264,1
14,265,1
14,266,1
14,267,3
14,268,1
14,269,2
14,270,1
14,271,2
14,272,2
14,273,1
14,274,2
14,275,2
14,276,1
14,277,2
14,279,2
14,280,1
14,281,2
14,282,1
14,283,2
14,284,3
14,285,1
14,286,3
14,287,1
14,288,2
14,289,3
14,290,2
14,291,1
14,292,2
14,293,2
14,294,2
14,295,3
14,296,1
14,297,2
14,298,3
14,299,2
14,300,1
14,301,2
14,302,2
14,303,2
14,304,1
14,305,2
14,306,2
14,307,2
14,308,2
14,309,1
14,310,2
14,311,2
14,312,3
14,313,2
14,314,1
14,315,3
15,1,1
15,2,1
15,3,2
15,4,3
15,5,1
15,6,1
15,7,3
15,8,2
15,9,2
15,10,2
15,11,2
15,12,2
15,13,2
15,14,2
15,15,1
15,16,1
15,17,2
15,18,3
15,19,2
15,20,1
15,21,1
15,22,1
15,23,2
15,24,2
15,25,2
15,26,2
15,27,2
15,28,3
15,29,1
15,30,2
15,31,3
15,32,2
15,33,1
15,34,2
15,35,3
15,36,1
15,37,2
15,38,3
15,39,1
15,40,3
15,41,2
15,42,2
15,43,2
15,44,2
15,45,1
15,46,1
15,47,1
15,48,2
15,50,1
15,51,1
15,52,3
15,53,1
15,54,1
15,55,1
15,56,1
15,57,3
15,58,3
15,59,2
15,60,3
15,61,2
15,62,3
15,64,2
15,65,3
15,66,2
15,67,1
15,68,1
15,69,2
15,70,1
15,71,2
15,72,1
15,73,3
15,74,3
15,75,2
15,76,1
15,77,2
15,78,1
15,79,2
15,80,1
15,81,1
15,82,2
15,83,1
15,84,3
15,85,2
15,86,2
15,87,1
15,88,1
15,89,3
15,90,2
15,91,3
15,92,3
15,93,3
15,94,2
15,95,1
15,96,3
15,97,2
15,99,1
15,100,2
15,101,2
15,102,2
15,103,1
15,104,3
15,105,2
15,106,2
15,107,2
15,108,3
15,109,1
15,111,2
15,113,1
15,114,3
15,115,3
15,116,2
15,117,1
15,118,2
15,119,3
15,120,2
15,121,2
15,122,1
15,123,2
15,124,3
15,125,2
15,126,3
15,127,2
15,128,3
15,129,1
15,130,1
15,131,3
15,132,2
15,133,2
15,134,2
15,135,2
15,136,3
15,137,2
15,138,2
15,140,1
15,141,2
15,142,2
15,143,2
15,144,3
15,145,1
15,146,3
15,147,2
15,148,1
15,149,2
15,150,1
15,151,3
15,152,2
15,153,2
15,154,3
15,155,1
15,156,3
15,157,3
15,158,2
15,159,2
15,160,2
15,161,3
15,162,2
15,163,2
15,164,1
15,165,2
15,166,1
15,167,3
15,168,3
15,169,3
15,170,2
15,171,2
15,172,3
15,173,1
15,174,2
15,175,3
15,176,1
15,177,2
15,178,3
15,179,3
15,180,2
15,181,3
15,182,2
15,183,1
15,184,1
15,185,3
15,186,1
15,187,2
15,188,2
15,189,2
15,190,2
15,191,2
15,192,2
15,193,1
15,194,3
15,195,2
15,196,2
15,198,3
15,199,2
15,200,3
15,201,3
15,203,2
15,204,1
15,205,1
15,206,2
15,207,2
15,208,2
15,209,3
15,210,1
15,211,2
15,212,2
15,213,2
15,214,2
15,215,1
15,216,2
15,217,2
15,218,1
15,219,2
15,220,1
15,221,2
15,222,1
15,223,3
15,224,1
15,225,2
15,226,1
15,227,1
15,228,3
15,229,2
15,230,1
15,231,3
15,232,2
15,233,2
15,234,1
15,235,1
15,236,1
15,237,1
15,238,2
15,239,3
15,240,1
15,241,2
15,242,1
15,243,1
15,244,3
15,245,1
15,246,2
15,247,1
15,248,3
15,249,3
15,250,2
15,251,2
15,252,1
15,253,3
15,254,1
15,255,2
15,256,1
15,257,2
15,258,1
15,259,1
15,260,1
15,261,1
15,262,1
15,263,2
15,264,3
15,265,2
15,266,3
15,267,2
15,268,3
15,269,3
15,270,2
15,271,1
15,273,3
15,274,2
15,275,2
15,276,2
15,277,1
15,278,1
15,279,2
15,280,3
15,281,1
15,282,3
15,283,2
15,284,1
15,285,1
15,287,2
15,288,1
15,289,1
15,290,2
15,291,3
15,292,2
15,293,1
15,294,2
15,295,1
15,296,1
15,297,1
15,298,2
15,299,1
15,300,3
15,301,2
15,302,1
15,303,2
15,304,3
15,307,1
15,308,3
15,309,2
15,310,2
15,311,3
15,312,1
15,313,1
15,315,1
16,1,2
16,2,1
16,3,2
16,4,2
16,5,2
16,6,2
16,7,1
16,8,1
16,9,2
16,10,1
16,11,1
16,12,2
16,13,2
16,14,1
16,15,2
16,16,2
16,17,2
16,18,2
16,19,2
16,20,2
16,21,2
16,22,3
16,23,2
16,24,2
16,25,2
16,26,3
16,27,1
16,28,1
16,29,3
16,30,2
16,31,1
16,32,2
16,33,2
16,34,1
16,35,2
16,36,2
16,37,2
16,38,2
16,39,2
16,40,2
16,41,1
16,43,1
16,44,2
16,45,1
16,46,3
16,47,3
16,48,1
16,49,3
16,50,3
16,51,2
16,52,2
16,53,2
16,54,2
16,55,2
16,56,2
16,57,2
16,58,2
16,59,2
16,60,2
16,61,2
16,62,2
16,63,2
16,64,2
16,65,2
16,66,2
16,67,2
16,68,3
16,69,1
16,70,2
16,71,2
16,72,1
16,73,2
16,74,2
16,75,2
16,76,2
16,77,2
16,78,2
16,79,1
16,80,2
16,81,2
16,82,2
16,83,2
16,84,2
16,85,2
16,86,2
16,87,1
16,88,3
16,89,2
16,90,3
16,91,2
16,92,1
16,93,2
16,94,1
16,95,3
16,96,2
16,97,2
16,98,1
16,99,3
16,100,1
16,101,1
16,102,2
16,103,1
16,104,1
16,105,1
16,106,2
16,107,1
16,108,2
16,109,3
16,110,3
16,111,2
16,112,3
16,113,2
16,114,1
16,115,2
16,116,2
16,117,2
16,118,1
16,119,2
16,120,2
16,121,1
16,122,2
16,123,2
16,124,2
16,125,2
16,126,1
16,127,2
16,128,1
16,129,3
16,130,2
16,131,2
16,132,2
16,133,2
16,134,3
16,135,1
16,136,2
16,137,2
16,138,2
16,139,3
16,140,2
16,141,2
16,142,1
16,143,2
16,145,1
16,146,1
16,147,3
16,148,3
16,149,1
16,150,3
16,152,2
16,153,1
16,154,2
16,155,1
16,156,1
16,157,1
16,158,2
16,159,2
16,160,2
16,161,2
16,162,2
16,163,3
16,164,1
16,165,2
16,166,1
16,167,1
16,168,2
16,169,2
16,170,2
16,171,1
16,172,2
16,173,2
16,174,2
16,175,2
16,176,2
16,177,2
16,178,1
16,179,2
16,180,1
16,181,2
16,183,2
16,184,3
16,185,1
16,186,3
16,187,2
16,188,2
16,189,1
16,190,2
16,191,2
16,192,3
16,193,2
16,194,1
16,195,3
16,196,2
16,197,2
16,198,2
16,199,1
16,200,2
16,201,2
16,202,2
16,203,2
16,204,2
16,205,2
16,206,2
16,207,2
16,208,2
16,209,1
16,210,2
16,211,2
16,212,1
16,213,1
16,214,2
16,215,2
16,216,1
16,217,2
16,218,1
16,219,1
16,220,2
16,221,2
16,222,3
16,223,2
16,224,2
16,225,2
16,226,2
16,227,2
16,228,2
16,229,2
16,230,2
16,232,2
16,233,1
16,234,3
16,235,1
16,236,2
16,237,2
16,238,2
16,239,2
16,240,3
16,241,1
16,242,1
16,243,1
16,244,2
16,245,2
16,246,1
16,247,3
16,249,2
16,250,2
16,251,1
16,252,3
16,253,2
16,254,1
16,255,2
16,256,2
16,257,2
16,258,2
16,259,3
16,260,3
16,261,1
16,262,2
16,263,1
16,264,2
16,265,1
16,266,1
16,267,2
16,268,2
16,269,2
16,270,1
16,271,2
16,272,1
16,273,1
16,274,2
16,275,2
16,276,2
16,277,3
16,278,3
16,279,1
16,280,2
16,281,2
16,282,2
16,283,1
16,284,3
16,285,3
16,286,2
16,287,2
16,288,2
16,289,3
16,290,2
16,292,1
16,293,3
16,294,1
16,295,1
16,296,2
16,297,2
16,298,2
16,299,2
16,300,2
16,301,2
16,302,2
16,303,2
16,304,2
16,305,3
16,306,1
16,307,2
16,308,2
16,309,3
16,310,1
16,311,1
16,312,2
16,313,1
16,314,3
16,315,1
17,1,2
17,2,2
17,3,2
17,4,3
17,5,1
17,6,2
17,7,2
17,8,1
17,10,1
17,11,1
17,12,3
17,13,3
17,14,2
17,15,1
17,16,2
17,17,1
17,18,2
17,19,2
17,20,2
17,21,2
17,22,1
17,23,2
17,24,2
17,25,2
17,26,2
17,27,1
17,28,1
17,29,2
17,30,1
17,31,2
17,32,2
17,33,2
17,34,1
17,35,2
17,36,2
17,37,2
17,38,1
17,40,2
17,41,2
17,42,2
17,43,2
17,44,2
17,45,2
17,46,2
17,47,2
17,48,2
17,49,1
17,50,2
17,51,3
17,52,1
17,53,2
17,54,2
17,55,3
17,56,2
17,57,1
17,58,2
17,59,2
17,60,2
17,61,2
17,62,1
17,63,2
17,64,1
17,65,2
17,66,1
17,67,3
17,68,2
17,69,2
17,70,2
17,71,3
17,72,2
17,73,3
17,74,3
17,75,3
17,76,3
17,77,2
17,78,3
17,79,1
17,80,2
17,81,3
17,82,2
17,83,2
17,84,2
17,85,3
17,86,2
17,87,1
17,88,2
17,89,2
17,90,2
17,91,2
17,92,2
17,93,3
17,94,1
17,95,2
17,96,1
17,98,2
17,99,2
17,100,2
17,101,1
17,102,1
17,103,3
17,104,2
17,105,3
17,106,1
17,107,2
17,108,1
17,109,2
17,110,2
17,111,2
17,112,2
17,113,1
17,114,3
17,115,2
17,116,1
17,117,2
17,118,1
17,119,2
17,120,1
17,121,3
17,122,2
17,123,2
17,124,1
17,125,1
17,127,2
17,128,1
17,129,1
17,130,2
17,131,1
17,132,2
17,133,3
17,134,3
17,135,2
17,136,2
17,137,1
17,138,2
17,139,2
17,140,1
17,141,2
17,142,3
17,143,2
17,144,2
17,145,3
17,146,2
17,147,1
17,148,1
17,149,2
17,150,1
17,151,2
17,152,2
17,153,1
17,154,3
17,155,2
17,156,2
17,157,2
17,158,2
17,159,2
17,160,2
17,161,1
17,162,1
17,163,3
17,164,1
17,165,2
17,166,3
17,167,1
17,168,2
17,169,2
17,170,2
17,171,1
17,172,2
17,173,2
17,174,1
17,175,2
17,176,2
17,177,2
17,178,2
17,179,2
17,180,2
17,181,2
17,183,3
17,184,1
17,185,2
17,186,1
17,187,2
17,188,3
17,189,2
17,190,1
17,191,2
17,192,2
17,193,2
17,194,2
17,195,1
17,196,2
17,197,1
17,198,2
17,199,2
17,200,1
17,201,2
17,202,2
17,203,2
17,204,2
17,205,1
17,206,1
17,207,2
17,208,2
17,209,2
17,210,2
17,211,2
17,212,2
17,213,2
17,214,1
17,215,3
17,216,2
17,217,2
17,218,2
17,219,1
17,220,3
17,221,2
17,222,2
17,223,1
17,224,1
17,225,2
17,226,2
17,227,1
17,229,1
17,230,2
17,231,2
17,232,3
17,233,1
17,234,2
17,235,1
17,236,2
17,237,1
17,238,2
17,239,2
17,240,2
17,241,3
17,242,3
17,243,1
17,244,2
17,245,1
17,246,2
17,247,3
17,248,2
17,249,1
17,250,2
17,251,2
17,252,3
17,253,2
17,254,2
17,255,2
17,256,2
17,257,1
17,258,2
17,259,2
17,260,2
17,261,2
17,262,3
17,264,2
17,265,2
17,266,2
17,267,3
17,268,1
17,269,2
17,270,1
17,271,2
17,272,1
17,274,3
17,275,2
17,276,2
17,277,2
17,278,3
17,279,2
17,280,2
17,281,2
17,282,2
17,283,1
17,284,2
17,285,3
17,286,2
17,287,3
17,288,1
17,289,1
17,290,2
17,291,1
17,292,1
17,293,2
17,294,1
17,295,2
17,296,2
17,297,2
17,298,2
17,299,2
17,300,2
17,301,3
17,302,3
17,303,1
17,304,1
17,305,1
17,306,2
17,307,2
17,308,3
17,309,1
17,310,1
17,311,1
17,312,2
17,313,2
17,314,2
17,315,3
18,1,2
18,2,2
18,3,1
18,5,2
18,6,2
18,7,3
18,8,1
18,9,3
18,10,2
18,11,2
18,12,2
18,13,2
18,14,2
18,15,1
18,16,2
18,17,3
18,18,2
18,19,2
18,20,1
18,21,2
18,22,2
18,23,3
18,24,2
18,25,2
18,26,1
18,27,3
18,28,2
18,29,1
18,31,2
18,32,1
18,33,3
18,34,2
18,35,1
18,36,2
18,37,3
18,38,3
18,39,2
18,40,2
18,41,2
18,42,2
18,43,3
18,44,2
18,45,2
18,46,3
18,47,2
18,48,2
18,49,2
18,50,1
18,51,1
18,52,2
18,53,1
18,54,2
18,55,1
18,56,1
18,57,2
18,58,3
18,59,2
18,60,2
18,61,3
18,62,2
18,63,1
18,64,3
18,65,1
18,66,2
18,68,3
18,69,2
18,70,2
18,71,1
18,72,1
18,73,2
18,74,1
18,75,1
18,76,1
18,77,2
18,78,1
18,79,2
18,80,2
18,81,2
18,82,2
18,83,2
18,84,1
18,85,2
18,86,2
18,87,2
18,88,2
18,89,1
18,90,1
18,91,3
18,92,2
18,93,1
18,94,2
18,95,2
18,96,1
18,97,3
18,98,1
18,99,3
18,100,1
18,101,3
18,102,2
18,103,2
18,104,3
18,105,2
18,106,2
18,107,2
18,108,1
18,109,2
18,110,2
18,111,1
18,112,1
18,113,3
18,114,1
18,115,1
18,116,2
18,117,3
18,118,1
18,119,3
18,120,1
18,121,1
18,122,2
18,123,1
18,124,1
18,125,2
18,126,3
18,127,2
18,128,1
18,129,2
18,130,2
18,131,2
18,132,1
18,133,1
18,134,1
18,135,2
18,136,2
18,137,2
18,138,3
18,139,2
18,140,2
18,141,2
18,143,2
18,146,2
18,147,1
18,148,3
18,149,2
18,150,2
18,151,3
18,152,2
18,153,2
18,154,1
18,155,2
18,156,3
18,157,1
18,158,1
18,159,3
18,160,3
18,161,1
18,162,2
18,163,1
18,164,2
18,165,2
18,167,2
18,168,2
18,169,2
18,170,2
18,171,3
18,172,2
18,173,2
18,174,3
18,175,3
18,176,3
18,177,1
18,178,3
18,179,1
18,180,1
18,181,2
18,182,1
18,184,3
18,185,1
18,186,3
18,187,1
18,188,1
18,189,2
18,190,3
18,191,3
18,192,1
18,193,1
18,194,2
18,195,3
18,196,2
18,197,3
18,198,1
18,199,2
18,200,2
18,201,1
18,202,1
18,203,3
18,204,1
18,205,2
18,206,2
18,207,2
18,208,2
18,209,3
18,210,3
18,211,2
18,212,2
18,213,3
18,214,2
18,215,2
18,216,1
18,217,3
18,218,1
18,219,1
18,220,1
18,221,3
18,222,3
18,223,3
18,224,2
18,225,2
18,226,2
18,227,1
18,228,2
18,229,2
18,230,2
18,231,1
18,232,1
18,233,2
18,234,3
18,235,3
18,236,2
18,237,1
18,238,2
18,239,2
18,240,3
18,242,1
18,243,3
18,244,3
18,245,3
18,246,1
18,248,1
18,249,2
18,250,2
18,251,2
18,252,2
18,253,1
18,254,1
18,256,1
18,257,3
18,258,2
18,259,2
18,260,3
18,261,2
18,262,1
18,263,2
18,264,2
18,265,2
18,266,2
18,267,2
18,268,3
18,269,2
18,270,3
18,271,2
18,272,2
18,273,1
18,274,1
18,275,2
18,276,2
18,278,1
18,279,3
18,280,2
18,281,3
18,282,1
18,283,1
18,284,3
18,285,2
18,286,2
18,287,2
18,288,3
18,289,2
18,290,1
18,291,3
18,292,2
18,293,2
18,294,2
18,295,1
18,296,1
18,297,1
18,298,1
18,299,2
18,300,2
18,301,2
18,302,1
18,304,2
18,305,2
18,306,1
18,307,1
18,308,2
18,309,1
18,310,2
18,311,2
18,312,2
18,313,2
18,314,3
19,1,2
19,2,1
19,3,1
19,4,2
19,5,3
19,6,2
19,8,1
19,9,1
19,10,2
19,11,1
19,12,1
19,13,1
19,14,2
19,15,1
19,16,1
19,17,2
19,18,2
19,19,1
19,20,2
19,21,2
19,22,2
19,23,2
19,24,2
19,25,1
19,26,2
19,27,1
19,28,1
19,29,3
19,30,2
19,31,2
19,32,3
19,33,1
19,34,3
19,35,2
19,36,2
19,37,1
19,38,1
19,39,2
19,40,2
19,41,2
19,42,1
19,43,1
19,44,1
19,45,2
19,46,1
19,47,3
19,48,3
19,49,3
19,50,1
19,51,1
19,52,2
19,53,1
19,54,2
19,55,2
19,56,2
19,57,1
19,58,2
19,59,1
19,60,1
19,61,2
19,62,3
19,64,2
19,65,2
19,66,2
19,67,2
19,68,1
19,69,1
19,70,2
19,71,2
19,73,2
19,74,3
19,75,2
19,76,2
19,77,1
19,78,2
19,79,3
19,80,1
19,81,2
19,82,1
19,83,2
19,84,1
19,85,2
19,86,1
19,87,1
19,88,2
19,89,2
19,90,2
19,91,2
19,92,2
19,93,3
19,94,2
19,95,3
19,96,2
19,97,2
19,98,1
19,99,2
19,100,2
19,101,2
19,102,3
19,103,2
19,104,2
19,105,1
19,106,2
19,107,3
19,108,2
19,110,1
19,111,2
19,112,2
19,113,2
19,114,1
19,115,3
19,116,2
19,117,2
19,118,3
19,119,1
19,120,2
19,121,1
19,122,1
19,123,3
19,124,2
19,125,2
19,126,2
19,127,1
19,128,2
19,129,1
19,130,3
19,131,2
19,132,1
19,133,2
19,134,3
19,135,2
19,136,1
19,137,3
19,138,2
19,139,2
19,140,2
19,141,3
19,142,3
19,143,3
19,144,2
19,145,3
19,146,3
19,147,3
19,148,1
19,149,1
19,150,3
19,151,1
19,152,3
19,153,3
19,154,3
19,155,2
19,157,3
19,158,3
19,159,2
19,160,2
19,161,1
19,162,1
19,163,2
19,164,2
19,165,3
19,166,1
19,167,2
19,168,2
19,169,3
19,170,2
19,171,2
19,173,1
19,174,1
19,175,2
19,176,1
19,177,3
19,178,1
19,179,3
19,180,3
19,181,2
19,183,3
19,184,1
19,185,3
19,186,1
19,187,3
19,188,3
19,189,1
19,190,2
19,192,2
19,193,2
19,194,2
19,195,1
19,196,1
19,197,1
19,198,1
19,199,1
19,201,3
19,202,1
19,203,2
19,204,2
19,205,2
19,206,1
19,207,1
19,208,1
19,209,2
19,210,2
19,211,2
19,212,2
19,213,1
19,214,3
19,215,1
19,216,2
19,217,1
19,218,2
19,219,2
19,220,2
19,221,1
19,222,2
19,223,2
19,224,3
19,225,2
19,226,1
19,227,1
19,228,3
19,229,2
19,230,2
19,231,3
19,232,3
19,233,2
19,235,1
19,236,1
19,237,3
19,238,1
19,239,2
19,240,2
19,241,3
19,242,3
19,243,2
19,244,2
19,245,2
19,246,3
19,247,3
19,248,2
19,249,2
19,250,3
19,251,2
19,252,2
19,253,2
19,254,3
19,255,1
19,256,3
19,258,1
19,259,3
19,260,1
19,261,2
19,262,2
19,264,2
19,265,2
19,266,1
19,267,1
19,268,2
19,269,2
19,270,1
19,271,2
19,272,1
19,273,3
19,274,1
19,275,2
19,276,2
19,277,3
19,278,2
19,279,2
19,281,2
19,282,3
19,283,1
19,284,2
19,285,1
19,287,2
19,288,2
19,289,2
19,290,2
19,291,1
19,293,3
19,294,3
19,295,3
19,296,3
19,297,2
19,298,1
19,299,3
19,300,1
19,301,1
19,302,2
19,303,3
19,304,2
19,305,2
19,306,3
19,307,2
19,309,2
19,310,3
19,311,3
19,312,2
19,313,2
19,314,2
19,315,2
20,1,2
20,2,2
20,3,1
20,4,2
20,5,2
20,6,2
20,7,3
20,8,2
20,9,3
20,10,2
20,11,2
20,12,1
20,13,2
20,14,2
20,15,2
20,16,2
20,17,2
20,18,2
20,19,2
20,20,3
20,21,2
20,22,2
20,23,2
20,24,2
20,25,3
20,26,2
20,27,3
20,28,2
20,29,2
20,30,2
20,31,2
20,32,1
20,33,1
20,34,2
20,35,2
20,36,2
20,37,1
20,38,2
20,39,2
20,40,2
20,41,1
20,42,2
20,43,2
20,44,3
20,45,1
20,46,3
20,47,1
20,48,2
20,49,1
20,50,2
20,51,2
20,52,2
20,53,1
20,54,1
20,55,2
20,56,2
20,57,3
20,58,2
20,59,2
20,60,2
20,61,2
20,62,2
20,63,3
20,64,2
20,65,2
20,66,1
20,67,2
20,68,3
20,69,3
20,70,2
20,71,2
20,72,2
20,73,2
20,74,2
20,75,3
20,76,3
20,77,2
20,78,2
20,79,1
20,80,2
20,81,2
20,82,3
20,83,1
20,84,2
20,85,2
20,86,3
20,87,2
20,88,1
20,89,1
20,90,2
20,91,2
20,92,2
20,93,2
20,94,2
20,95,1
20,96,2
20,97,2
20,98,3
20,99,2
20,100,1
20,101,1
20,102,2
20,103,2
20,104,1
20,105,1
20,106,2
20,107,2
20,108,2
20,109,3
20,110,2
20,111,2
20,112,1
20,113,1
20,114,3
20,115,2
20,116,1
20,117,2
20,118,2
20,119,1
20,120,2
20,121,2
20,122,2
20,124,2
20,125,2
20,126,2
20,127,1
20,128,1
20,129,2
20,130,2
20,131,3
20,132,2
20,133,2
20,134,1
20,135,2
20,136,2
20,137,2
20,138,2
20,139,1
20,140,2
20,141,2
20,142,1
20,143,2
20,144,2
20,145,2
20,147,2
20,148,3
20,149,2
20,150,2
20,151,2
20,152,2
20,153,1
20,154,2
20,155,1
20,156,3
20,157,1
20,158,2
20,159,2
20,160,1
20,161,3
20,162,2
20,163,1
20,164,3
20,165,2
20,166,3
20,167,1
20,168,2
20,169,1
20,170,1
20,171,2
20,172,3
20,173,2
20,174,3
20,175,2
20,176,2
20,177,2
20,178,2
20,179,2
20,180,1
20,181,2
20,182,2
20,183,1
20,184,2
20,185,1
20,186,3
20,187,2
20,188,2
20,189,2
20,190,2
20,191,1
20,192,3
20,193,1
20,194,1
20,195,2
20,196,2
20,197,2
20,198,2
20,199,2
20,200,3
20,201,2
20,202,2
20,203,2
20,204,1
20,205,3
20,206,3
20,207,1
20,208,2
20,209,2
20,210,2
20,211,2
20,212,1
20,213,3
20,214,2
20,215,3
20,216,2
20,217,3
20,218,1
20,219,2
20,220,2
20,221,1
20,222,1
20,224,2
20,226,1
20,227,2
20,228,1
20,229,1
20,230,1
20,231,2
20,232,2
20,233,2
20,234,2
20,235,2
20,236,2
20,238,3
20,239,3
20,240,2
20,241,2
20,242,2
20,243,2
20,244,1
20,245,2
20,247,2
20,248,2
20,249,1
20,250,1
20,251,2
20,252,2
20,253,2
20,254,2
20,255,3
20,257,1
20,258,2
20,259,2
20,260,2
20,261,2
20,262,1
20,263,2
20,264,1
20,265,2
20,266,3
20,267,2
20,268,1
20,270,1
20,271,2
20,272,3
20,273,1
20,274,3
20,275,2
20,276,2
20,277,2
20,279,2
20,280,3
20,281,1
20,282,1
20,283,1
20,284,2
20,285,2
20,287,2
20,288,2
20,289,2
20,290,2
20,291,2
20,292,1
20,293,1
20,294,1
20,295,1
20,296,2
20,297,1
20,298,2
20,299,1
20,300,2
20,301,2
20,302,2
20,303,2
20,304,1
20,305,2
20,306,2
20,307,2
20,308,2
20,309,1
20,310,2
20,311,2
20,312,2
20,313,1
20,314,2
20,315,2
21,2,2
21,3,2
21,4,2
21,5,1
21,6,3
21,7,3
21,8,2
21,9,2
21,10,2
21,11,2
21,12,2
21,13,2
21,14,1
21,15,1
21,16,1
21,17,2
21,18,3
21,19,1
21,20,2
21,21,2
21,22,2
21,23,1
21,24,2
21,25,1
21,26,3
21,27,2
21,28,2
21,29,1
21,30,2
21,31,1
21,32,2
21,33,2
21,34,2
21,35,3
21,36,3
21,37,1
21,38,2
21,39,3
21,40,2
21,41,1
21,42,2
21,43,2
21,44,2
21,45,1
21,46,2
21,47,1
21,48,2
21,49,2
21,50,2
21,51,2
21,52,2
21,53,1
21,54,1
21,55,2
21,56,2
21,57,1
21,58,2
21,59,2
21,60,1
21,61,1
21,62,3
21,63,2
21,64,2
21,65,3
21,66,2
21,67,3
21,68,2
21,69,3
21,70,2
21,71,2
21,72,2
21,73,2
21,74,1
21,75,2
21,76,2
21,77,2
21,78,2
21,79,1
21,80,2
21,81,2
21,82,1
21,83,2
21,84,1
21,85,1
21,86,2
21,87,3
21,88,3
21,89,2
21,90,2
21,91,2
21,92,1
21,93,2
21,94,2
21,95,2
21,96,3
21,97,1
21,98,2
21,99,1
21,100,2
21,101,2
21,102,1
21,103,2
21,104,1
21,105,2
21,106,2
21,107,2
21,108,3
21,109,2
21,110,1
21,111,2
21,112,1
21,113,1
21,114,1
21,115,1
21,116,2
21,117,2
21,118,2
21,119,1
21,120,1
21,121,2
21,122,2
21,123,1
21,124,2
21,125,2
21,126,2
21,127,2
21,128,2
21,129,2
21,130,2
21,131,2
21,132,2
21,133,2
21,134,1
21,135,1
21,136,2
21,137,2
21,138,1
21,139,2
21,140,3
21,141,2
21,142,2
21,143,1
21,144,2
21,145,2
21,146,1
21,147,2
21,148,3
21,149,2
21,150,3
21,151,2
21,152,1
21,153,2
21,154,3
21,155,1
21,156,2
21,157,2
21,158,2
21,159,2
21,160,2
21,161,3
21,162,2
21,163,1
21,164,2
21,165,3
21,166,2
21,167,3
21,168,2
21,169,1
21,170,2
21,171,2
21,172,2
21,173,3
21,174,2
21,175,2
21,176,1
21,178,2
21,179,1
21,180,2
21,181,1
21,182,3
21,183,3
21,184,1
21,185,1
21,186,1
21,188,2
21,190,2
21,191,1
21,192,2
21,193,2
21,194,3
21,195,3
21,196,3
21,197,1
21,198,2
21,199,2
21,200,1
21,201,2
21,202,1
21,203,2
21,204,1
21,205,1
21,206,2
21,207,2
21,208,3
21,209,3
21,210,2
21,211,2
21,212,2
21,213,1
21,214,2
21,215,1
21,216,2
21,218,2
21,219,3
21,221,2
21,222,2
21,223,2
21,224,2
21,225,2
21,226,1
21,227,2
21,228,1
21,229,2
21,230,2
21,231,2
21,232,1
21,233,1
21,234,1
21,235,3
21,236,1
21,237,2
21,238,2
21,239,2
21,240,1
21,241,3
21,242,2
21,243,1
21,244,2
21,245,2
21,246,2
21,247,3
21,248,3
21,249,2
21,250,2
21,251,1
21,252,1
21,253,1
21,254,1
21,255,2
21,256,1
21,257,3
21,258,2
21,259,1
21,260,2
21,261,2
21,262,1
21,263,2
21,264,2
21,265,2
21,266,2
21,267,2
21,268,3
21,269,2
21,270,2
21,271,3
21,272,2
21,273,2
21,274,3
21,275,3
21,276,1
21,277,2
21,278,2
21,279,2
21,280,3
21,281,2
21,282,3
21,283,2
21,284,2
21,285,1
21,286,3
21,287,2
21,288,2
21,289,2
21,290,2
21,291,2
21,292,2
21,293,2
21,294,2
21,295,1
21,296,2
21,297,1
21,298,2
21,299,2
21,300,1
21,301,2
21,302,1
21,303,2
21,304,2
21,305,2
21,306,2
21,307,2
21,308,2
21,309,2
21,310,1
21,311,2
21,312,2
21,313,1
21,314,1
22,1,1
22,2,2
22,3,2
22,4,1
22,5,3
22,6,2
22,7,2
22,8,3
22,9,1
22,10,2
22,11,2
22,12,1
22,13,1
22,14,3
22,15,3
22,16,2
22,17,1
22,18,2
22,19,3
22,20,3
22,21,2
22,22,2
22,24,1
22,25,3
22,26,1
22,27,1
22,28,2
22,29,2
22,30,2
22,31,2
22,32,2
22,33,1
22,34,2
22,35,1
22,36,2
22,37,2
22,38,2
22,39,1
22,40,2
22,41,2
22,42,3
22,43,2
22,44,2
22,45,2
22,46,2
22,47,1
22,48,2
22,49,1
22,51,3
22,52,2
22,53,2
22,54,3
22,55,3
22,56,3
22,57,2
22,58,2
22,59,3
22,60,2
22,61,2
22,62,2
22,63,2
22,64,2
22,65,1
22,66,3
22,67,1
22,68,2
22,69,1
22,70,2
22,71,2
22,72,1
22,73,2
22,74,2
22,75,1
22,76,3
22,77,1
22,78,3
22,79,3
22,80,3
22,81,1
22,82,1
22,83,3
22,84,1
22,85,1
22,86,3
22,88,2
22,89,2
22,90,2
22,91,1
22,92,3
22,93,2
22,94,3
22,95,3
22,96,2
22,97,1
22,98,3
22,99,2
22,100,3
22,101,3
22,102,2
22,103,3
22,104,3
22,105,2
22,106,2
22,107,2
22,108,1
22,109,1
22,110,1
22,112,3
22,113,2
22,114,2
22,115,1
22,116,1
22,117,2
22,118,1
22,119,3
22,120,1
22,121,1
22,122,1
22,123,3
22,124,1
22,125,3
22,126,2
22,127,1
22,128,2
22,129,2
22,130,2
22,131,2
22,132,1
22,133,3
22,134,2
22,135,1
22,136,3
22,137,1
22,138,2
22,139,1
22,140,2
22,141,1
22,142,2
22,144,1
22,145,2
22,146,2
22,147,3
22,148,2
22,149,2
22,150,1
22,151,1
22,152,2
22,153,2
22,154,2
22,155,3
22,156,2
22,157,1
22,158,1
22,159,1
22,160,2
22,161,1
22,162,1
22,163,1
22,164,3
22,165,1
22,166,2
22,168,3
22,169,2
22,170,3
22,171,2
22,172,2
22,173,2
22,174,2
22,175,2
22,176,3
22,177,1
22,178,2
22,179,2
22,180,2
22,181,1
22,182,1
22,183,1
22,184,1
22,185,1
22,186,1
22,187,3
22,188,1
22,189,1
22,190,2
22,191,3
22,192,2
22,193,3
22,194,1
22,196,2
22,197,1
22,198,3
22,199,1
22,200,3
22,201,2
22,202,3
22,203,2
22,204,1
22,205,2
22,206,2
22,207,3
22,208,2
22,209,1
22,210,3
22,211,2
22,212,1
22,213,3
22,214,3
22,215,2
22,216,2
22,217,2
22,218,2
22,219,1
22,220,1
22,221,1
22,222,2
22,223,2
22,224,2
22,225,3
22,226,2
22,227,1
22,228,1
22,229,1
22,230,2
22,231,2
22,232,2
22,233,1
22,234,1
22,235,2
22,236,3
22,237,3
22,239,2
22,240,2
22,241,2
22,242,3
22,243,1
22,244,1
22,245,2
22,246,1
22,247,1
22,248,1
22,249,2
22,250,3
22,251,2
22,252,2
22,253,2
22,254,2
22,255,2
22,256,3
22,257,2
22,258,3
22,259,2
22,260,2
22,261,2
22,262,2
22,263,1
22,264,2
22,265,2
22,266,2
22,267,2
22,268,2
22,269,2
22,270,1
22,271,1
22,272,1
22,273,3
22,274,1
22,275,1
22,276,3
22,277,2
22,278,2
22,279,1
22,280,2
22,281,2
22,282,2
22,283,1
22,284,2
22,285,2
22,286,1
22,287,2
22,288,1
22,289,2
22,290,1
22,291,3
22,292,1
22,293,3
22,294,1
22,295,1
22,296,2
22,297,2
22,298,1
22,299,2
22,300,1
22,301,2
22,302,1
22,303,2
22,304,2
22,305,1
22,306,2
22,307,1
22,308,3
22,309,1
22,310,2
22,311,2
22,312,2
22,313,3
22,314,1
22,315,2
23,1,2
23,2,3
23,3,1
23,4,1
23,5,1
23,6,2
23,7,1
23,8,1
23,9,3
23,10,3
23,11,1
23,12,1
23,13,2
23,14,1
23,15,1
23,16,3
23,17,2
23,18,2
23,19,1
23,20,2
23,21,2
23,22,1
23,23,1
23,24,2
23,25,1
23,26,3
23,27,3
23,28,1
23,29,1
23,30,2
23,31,2
23,32,2
23,33,2
23,34,2
23,35,2
23,36,2
23,37,2
23,38,1
23,39,3
23,40,3
23,41,3
23,42,2
23,43,2
23,44,1
23,45,3
23,46,1
23,47,2
23,48,1
23,49,2
23,50,3
23,51,2
23,52,2
23,53,3
23,54,1
23,55,2
23,56,2
23,57,2
23,58,2
23,59,2
23,60,2
23,61,3
23,62,2
23,63,2
23,64,1
23,66,2
23,67,1
23,68,1
23,69,2
23,70,1
23,71,1
23,72,3
23,73,2
23,74,3
23,75,2
23,76,1
23,77,3
23,78,1
23,79,2
23,80,2
23,81,3
23,82,3
23,83,2
23,84,1
23,85,2
23,86,1
23,87,1
23,88,1
23,89,2
23,90,2
23,91,3
23,92,2
23,93,2
23,94,2
23,95,2
23,96,1
23,97,3
23,98,2
23,99,2
23,100,1
23,101,1
23,102,3
23,103,1
23,104,1
23,105,2
23,106,2
23,107,1
23,108,2
23,109,3
23,110,2
23,111,2
23,112,1
23,113,1
23,114,2
23,115,2
23,116,2
23,117,3
23,119,2
23,120,2
23,121,3
23,122,3
23,123,2
23,124,2
23,125,2
23,126,2
23,127,1
23,128,2
23,129,3
23,130,2
23,131,3
23,132,3
23,133,2
23,134,1
23,135,1
23,136,2
23,137,1
23,138,2
23,139,1
23,140,1
23,141,2
23,142,3
23,143,2
23,144,2
23,145,3
23,146,3
23,148,1
23,149,1
23,150,2
23,151,3
23,152,2
23,153,3
23,154,1
23,155,2
23,156,2
23,157,2
23,158,3
23,159,1
23,160,1
23,161,2
23,162,3
23,163,1
23,164,2
23,165,2
23,166,2
23,167,1
23,168,1
23,169,3
23,170,2
23,171,1
23,172,1
23,173,1
23,174,1
23,175,3
23,176,1
23,177,3
23,179,1
23,180,2
23,182,2
23,183,3
23,184,2
23,185,1
23,186,3
23,187,2
23,188,2
23,189,1
23,190,3
23,192,2
23,193,1
23,194,2
23,195,2
23,196,2
23,197,3
23,198,2
23,199,1
23,200,2
23,201,3
23,202,1
23,203,3
23,204,1
23,205,2
23,206,1
23,207,2
23,208,1
23,209,3
23,210,1
23,211,2
23,212,1
23,213,1
23,214,2
23,215,2
23,216,3
23,217,2
23,218,2
23,219,1
23,220,2
23,221,1
23,222,2
23,223,2
23,224,3
23,225,2
23,226,1
23,227,2
23,228,2
23,229,1
23,230,3
23,231,3
23,233,2
23,234,2
23,235,2
23,236,2
23,237,2
23,238,1
23,239,2
23,240,2
23,241,1
23,242,1
23,243,3
23,244,2
23,245,1
23,246,3
23,247,1
23,248,1
23,249,3
23,250,2
23,251,2
23,252,2
23,253,2
23,254,2
23,255,1
23,256,1
23,257,2
23,258,1
23,259,1
23,261,3
23,262,2
23,263,3
23,264,2
23,265,2
23,266,1
23,267,3
23,268,2
23,269,1
23,270,2
23,271,3
23,272,3
23,273,1
23,274,3
23,275,3
23,276,2
23,277,2
23,278,2
23,279,2
23,281,3
23,282,1
23,283,3
23,284,1
23,285,2
23,286,1
23,287,1
23,288,2
23,289,2
23,290,1
23,291,1
23,292,3
23,293,1
23,294,1
23,295,1
23,296,3
23,297,1
23,298,3
23,300,2
23,301,2
23,302,2
23,303,2
23,304,3
23,306,3
23,307,1
23,308,1
23,309,3
23,310,2
23,311,2
23,312,2
23,313,2
23,314,3
23,315,1
24,1,1
24,2,2
24,3,1
24,4,2
24,5,3
24,6,1
24,7,1
24,8,2
24,9,2
24,10,1
24,11,2
24,12,3
24,13,2
24,14,2
24,15,1
24,16,2
24,17,2
24,18,2
24,19,2
24,21,2
24,22,2
24,23,2
24,24,2
24,25,1
24,26,1
24,27,1
24,28,2
24,29,2
24,30,2
24,31,2
24,32,2
24,34,3
24,35,2
24,36,1
24,37,1
24,38,2
24,39,2
24,41,2
24,42,2
24,43,1
24,44,3
24,45,1
24,46,3
24,47,2
24,48,3
24,49,1
24,50,1
24,51,2
24,52,2
24,53,2
24,54,2
24,55,2
24,56,1
24,57,2
24,58,1
24,59,2
24,60,2
24,61,2
24,62,2
24,63,2
24,64,2
24,65,2
24,66,1
24,67,3
24,68,2
24,69,1
24,70,2
24,71,2
24,72,2
24,73,3
24,74,2
24,75,2
24,76,3
24,77,1
24,78,3
24,79,1
24,80,2
24,81,2
24,82,2
24,83,2
24,84,1
24,85,2
24,86,2
24,87,1
24,88,2
24,89,3
24,90,2
24,91,1
24,92,1
24,93,3
24,95,2
24,96,2
24,97,2
24,98,2
24,99,2
24,100,2
24,101,3
24,102,1
24,103,1
24,104,1
24,105,3
24,106,2
24,107,3
24,108,2
24,110,2
24,111,3
24,112,2
24,113,3
24,114,2
24,116,2
24,117,2
24,118,2
24,119,2
24,120,2
24,121,1
24,122,1
24,123,2
24,124,1
24,125,2
24,126,2
24,127,3
24,128,2
24,129,2
24,130,2
24,131,2
24,132,2
24,133,2
24,134,3
24,135,2
24,136,2
24,137,1
24,138,1
24,139,2
24,140,2
24,141,3
24,142,2
24,143,3
24,144,2
24,145,2
24,146,1
24,147,2
24,148,1
24,149,2
24,150,2
24,151,1
24,152,2
24,153,2
24,154,1
24,155,2
24,156,2
24,157,2
24,158,1
24,159,2
24,160,2
24,161,1
24,162,1
24,163,2
24,164,1
24,165,1
24,166,1
24,167,2
24,168,2
24,170,2
24,171,3
24,172,2
24,173,2
24,174,1
24,175,1
24,176,1
24,177,2
24,178,2
24,179,1
24,180,1
24,181,2
24,182,2
24,183,2
24,184,2
24,185,3
24,186,2
24,187,2
24,188,2
24,189,2
24,190,1
24,191,2
24,192,1
24,193,3
24,194,3
24,195,2
24,196,2
24,197,2
24,198,1
24,199,1
24,200,1
24,201,2
24,202,2
24,203,2
24,204,2
24,205,2
24,206,2
24,207,2
24,208,2
24,209,2
24,210,3
24,211,2
24,212,2
24,213,3
24,214,2
24,215,2
24,216,1
24,217,2
24,218,2
24,219,1
24,220,2
24,221,2
24,222,3
24,223,1
24,224,2
24,225,2
24,226,3
24,227,2
24,228,2
24,229,2
24,230,1
24,231,2
24,232,2
24,233,1
24,234,1
24,235,1
24,236,2
24,237,2
24,238,2
24,239,1
24,240,1
24,241,1
24,242,2
24,243,2
24,244,2
24,245,3
24,246,2
24,247,2
24,248,3
24,249,2
24,250,2
24,251,1
24,252,2
24,253,2
24,254,2
24,255,3
24,256,3
24,259,3
24,260,3
24,261,1
24,262,2
24,263,1
24,264,3
24,265,2
24,266,2
24,267,2
24,268,2
24,269,2
24,270,2
24,271,2
24,272,2
24,273,2
24,274,2
24,275,2
24,276,2
24,277,3
24,278,2
24,279,1
24,280,2
24,281,1
24,282,2
24,283,2
24,284,1
24,285,2
24,286,2
24,287,2
24,289,1
24,290,3
24,291,2
24,292,1
24,293,1
24,294,2
24,295,3
24,296,2
24,297,2
24,298,2
24,299,1
24,300,2
24,301,2
24,302,3
24,303,2
24,304,2
24,305,2
24,306,1
24,307,2
24,308,2
24,309,2
24,310,3
24,311,1
24,312,2
24,313,2
24,314,2
24,315,2
25,1,3
25,2,3
25,3,1
25,4,2
25,5,1
25,6,2
25,7,1
25,8,2
25,9,1
25,10,2
25,11,2
25,12,1
25,13,2
25,14,2
25,15,1
25,16,3
25,17,3
25,18,1
25,19,1
25,20,3
25,21,1
25,22,1
25,23,2
25,24,2
25,25,2
25,26,2
25,27,1
25,28,1
25,29,2
25,30,1
25,31,2
25,32,2
25,33,2
25,34,2
25,35,3
25,36,2
25,37,2
25,38,2
25,39,1
25,40,2
25,41,1
25,42,2
25,43,1
25,44,2
25,45,1
25,46,2
25,47,3
25,48,2
25,49,1
25,50,1
25,51,2
25,52,1
25,54,2
25,55,2
25,56,2
25,57,1
25,58,2
25,59,1
25,60,2
25,61,3
25,62,2
25,63,2
25,64,2
25,65,2
25,66,1
25,67,1
25,68,2
25,69,2
25,70,2
25,71,2
25,72,2
25,73,2
25,74,2
25,75,2
25,76,2
25,77,2
25,78,2
25,79,2
25,80,2
25,81,2
25,82,3
25,83,1
25,84,2
25,85,1
25,86,2
25,87,2
25,88,2
25,89,2
25,90,2
25,91,3
25,92,2
25,93,2
25,94,2
25,95,1
25,96,2
25,97,2
25,98,2
25,99,2
25,100,2
25,101,2
25,102,2
25,103,2
25,105,1
25,106,2
25,107,2
25,108,1
25,109,2
25,110,2
25,111,1
25,112,2
25,113,1
25,114,3
25,115,1
25,116,2
25,117,2
25,118,2
25,119,2
25,120,2
25,121,2
25,122,1
25,123,1
25,124,1
25,125,2
25,126,2
25,128,2
25,129,1
25,130,2
25,131,1
25,132,3
25,133,2
25,134,2
25,135,2
25,136,2
25,137,2
25,138,1
25,139,2
25,140,2
25,141,2
25,142,2
25,143,1
25,144,2
25,145,2
25,146,2
25,147,2
25,148,3
25,149,1
25,150,1
25,151,2
25,152,3
25,153,2
25,154,2
25,155,2
25,156,2
25,157,2
25,158,2
25,159,2
25,160,1
25,161,2
25,162,2
25,163,2
25,164,2
25,165,2
25,166,2
25,167,3
25,168,2
25,169,1
25,170,2
25,171,2
25,172,2
25,173,2
25,174,2
25,175,2
25,176,2
25,177,3
25,178,2
25,179,2
25,180,2
25,181,2
25,182,2
25,183,1
25,184,2
25,185,3
25,186,3
25,187,1
25,188,2
25,189,1
25,190,2
25,191,2
25,192,2
25,193,1
25,194,1
25,195,2
25,196,3
25,197,1
25,198,2
25,199,2
25,200,2
25,201,2
25,202,1
25,203,1
25,204,2
25,205,3
25,206,1
25,207,2
25,208,1
25,209,1
25,210,1
25,211,2
25,212,2
25,213,2
25,214,2
25,215,2
25,216,2
25,217,3
25,218,2
25,219,2
25,220,2
25,221,2
25,222,2
25,223,2
25,224,1
25,225,2
25,226,2
25,228,2
25,229,2
25,230,3
25,231,2
25,232,2
25,234,2
25,235,1
25,236,1
25,237,1
25,238,2
25,239,2
25,240,1
25,241,3
25,242,2
25,243,2
25,244,2
25,245,1
25,246,2
25,247,2
25,248,1
25,249,2
25,250,3
25,251,2
25,252,2
25,253,2
25,254,2
25,255,2
25,256,3
25,257,2
25,258,1
25,259,1
25,260,3
25,261,1
25,262,2
25,263,2
25,264,2
25,265,2
25,267,2
25,268,2
25,269,1
25,270,2
25,271,2
25,272,3
25,273,3
25,274,2
25,276,3
25,277,2
25,278,3
25,279,3
25,280,1
25,281,1
25,282,2
25,283,2
25,284,2
25,285,2
25,286,2
25,287,2
25,288,2
25,289,2
25,290,1
25,291,1
25,292,2
25,293,3
25,294,2
25,295,3
25,296,2
25,297,2
25,298,3
25,299,3
25,300,2
25,301,3
25,302,2
25,303,1
25,304,1
25,305,1
25,306,2
25,307,3
25,308,1
25,309,1
25,310,2
25,311,2
25,312,2
25,314,1
25,315,3
26,1,1
26,2,2
26,3,2
26,4,2
26,5,2
26,6,3
26,7,2
26,8,2
26,9,2
26,10,3
26,11,1
26,12,2
26,13,3
26,14,2
26,15,3
26,16,2
26,17,1
26,18,1
26,19,1
26,20,1
26,21,3
26,24,1
26,25,2
26,26,3
26,27,2
26,28,1
26,29,2
26,30,2
26,31,1
26,32,2
26,33,3
26,34,2
26,35,1
26,36,3
26,37,3
26,38,1
26,39,2
26,40,3
26,41,2
26,42,3
26,43,3
26,44,2
26,45,1
26,46,1
26,47,1
26,48,3
26,49,2
26,50,2
26,51,2
26,52,3
26,53,2
26,54,2
26,55,1
26,56,3
26,57,2
26,58,1
26,59,3
26,60,2
26,61,1
26,62,1
26,63,3
26,64,2
26,66,2
26,67,1
26,68,3
26,69,2
26,70,1
26,71,2
26,72,1
26,73,2
26,74,1
26,76,1
26,77,2
26,78,2
26,79,2
26,80,2
26,81,2
26,82,2
26,83,2
26,84,2
26,86,1
26,87,2
26,88,2
26,89,2
26,90,1
26,91,2
26,92,2
26,93,2
26,94,2
26,95,3
26,96,3
26,97,2
26,98,1
26,99,2
26,100,3
26,101,2
26,102,1
26,103,1
26,104,2
26,105,2
26,106,2
26,107,2
26,108,2
26,109,2
26,111,3
26,112,2
26,113,3
26,114,1
26,115,3
26,116,1
26,117,2
26,118,1
26,119,2
26,120,1
26,121,2
26,122,3
26,123,1
26,124,1
26,125,2
26,126,2
26,127,2
26,129,1
26,130,1
26,131,2
26,132,1
26,133,1
26,134,2
26,135,2
26,136,2
26,137,1
26,138,1
26,139,1
26,140,1
26,141,2
26,142,1
26,143,2
26,144,2
26,145,2
26,146,1
26,147,2
26,148,1
26,149,2
26,150,2
26,151,2
26,152,2
26,153,2
26,154,2
26,155,2
26,156,2
26,158,2
26,159,3
26,160,3
26,161,2
26,162,2
26,163,2
26,164,1
26,165,2
26,166,2
26,167,1
26,168,2
26,169,3
26,170,2
26,171,2
26,173,2
26,174,2
26,175,1
26,176,2
26,177,2
26,178,3
26,179,2
26,180,2
26,181,3
26,182,2
26,183,2
26,184,2
26,185,2
26,186,2
26,187,3
26,188,3
26,189,2
26,190,3
26,191,2
26,192,3
26,193,2
26,194,2
26,195,2
26,197,2
26,198,1
26,199,3
26,200,2
26,201,2
26,202,3
26,203,2
26,204,2
26,206,2
26,207,2
26,208,2
26,209,2
26,210,3
26,211,1
26,212,2
26,213,2
26,214,2
26,215,3
26,216,2
26,217,1
26,218,2
26,219,3
26,220,2
26,221,3
26,222,2
26,224,1
26,225,2
26,226,3
26,227,2
26,228,2
26,229,2
26,230,1
26,231,1
26,232,2
26,233,3
26,234,3
26,236,2
26,237,2
26,238,1
26,239,3
26,240,2
26,241,1
26,242,2
26,243,2
26,244,1
26,246,2
26,247,3
26,248,3
26,249,2
26,250,1
26,251,1
26,252,1
26,253,2
26,254,1
26,255,2
26,256,1
26,257,1
26,258,3
26,259,2
26,260,1
26,261,2
26,262,3
26,263,2
26,264,3
26,265,1
26,266,2
26,267,2
26,268,2
26,269,3
26,270,1
26,271,2
26,273,1
26,274,3
26,275,3
26,276,1
26,277,2
26,278,1
26,279,1
26,280,2
26,281,1
26,282,3
26,283,3
26,284,2
26,285,1
26,286,2
26,287,2
26,288,2
26,289,1
26,290,2
26,291,3
26,292,1
26,293,1
26,294,3
26,295,1
26,296,2
26,297,2
26,298,1
26,300,3
26,301,2
26,302,2
26,303,2
26,304,1
26,305,3
26,306,1
26,307,2
26,308,1
26,309,1
26,310,3
26,311,3
26,312,2
26,313,2
26,314,2
26,315,1
27,1,2
27,2,1
27,3,2
27,4,1
27,5,2
27,6,2
27,7,1
27,8,3
27,9,3
27,10,2
27,11,3
27,12,2
27,13,1
27,14,3
27,15,1
27,16,2
27,17,2
27,18,3
27,19,1
27,20,2
27,21,2
27,22,3
27,23,3
27,24,2
27,25,2
27,26,2
27,27,2
27,28,1
27,29,3
27,30,2
27,31,2
27,32,1
27,33,1
27,34,1
27,35,2
27,36,2
27,37,2
27,38,2
27,39,2
27,40,1
27,41,2
27,42,2
27,43,1
27,44,2
27,45,3
27,46,2
27,47,2
27,48,2
27,49,1
27,50,3
27,51,1
27,52,1
27,53,3
27,54,1
27,55,2
27,56,2
27,57,2
27,58,2
27,59,1
27,60,2
27,61,1
27,62,2
27,63,1
27,64,2
27,65,3
27,66,1
27,67,2
27,68,2
27,69,1
27,70,3
27,71,2
27,72,2
27,73,2
27,74,2
27,75,3
27,76,2
27,77,3
27,78,1
27,79,2
27,80,2
27,81,3
27,82,2
27,83,2
27,84,1
27,85,2
27,86,2
27,87,2
27,88,3
27,89,2
27,90,2
27,91,2
27,92,2
27,93,2
27,94,1
27,95,1
27,96,1
27,97,1
27,98,3
27,99,1
27,100,2
27,101,2
27,102,2
27,103,3
27,104,1
27,105,2
27,106,3
27,107,3
27,108,2
27,109,2
27,110,2
27,111,2
27,112,3
27,113,1
27,114,1
27,115,2
27,116,2
27,117,3
27,118,2
27,119,1
27,120,1
27,121,3
27,123,1
27,124,1
27,125,3
27,126,2
27,127,3
27,128,2
27,129,2
27,130,1
27,131,3
27,132,2
27,133,1
27,134,3
27,135,2
27,136,2
27,137,2
27,138,1
27,139,1
27,140,3
27,141,2
27,142,2
27,143,3
27,144,2
27,145,1
27,146,2
27,147,1
27,148,3
27,149,1
27,151,1
27,152,1
27,153,2
27,154,2
27,155,3
27,156,3
27,157,2
27,158,2
27,159,2
27,160,1
27,161,2
27,162,3
27,163,2
27,164,3
27,165,3
27,166,3
27,167,2
27,168,1
27,169,2
27,171,3
27,172,3
27,173,2
27,174,1
27,175,3
27,176,2
27,177,2
27,178,1
27,180,2
27,181,2
27,182,2
27,183,2
27,184,3
27,185,2
27,186,1
27,187,1
27,188,2
27,189,2
27,191,2
27,192,1
27,193,1
27,194,2
27,195,1
27,196,2
27,197,2
27,198,2
27,199,2
27,200,2
27,201,3
27,202,2
27,203,2
27,204,1
27,205,2
27,206,2
27,207,1
27,208,3
27,209,2
27,210,1
27,211,2
27,212,3
27,213,1
27,214,1
27,215,2
27,216,2
27,217,2
27,218,1
27,219,1
27,220,2
27,221,1
27,222,2
27,223,2
27,224,3
27,225,2
27,227,1
27,228,2
27,229,2
27,230,1
27,231,1
27,232,2
27,233,1
27,234,1
27,235,1
27,236,2
27,237,2
27,239,1
27,240,3
27,241,3
27,243,2
27,244,2
27,245,3
27,246,2
27,247,1
27,249,2
27,250,2
27,251,1
27,252,2
27,253,1
27,254,1
27,255,2
27,256,2
27,257,3
27,258,2
27,259,3
27,260,1
27,261,2
27,262,2
27,263,2
27,265,3
27,266,2
27,267,1
27,268,3
27,269,2
27,270,2
27,271,2
27,272,1
27,273,1
27,275,1
27,276,3
27,277,2
27,278,3
27,279,3
27,280,2
27,281,1
27,282,1
27,284,2
27,285,2
27,286,2
27,287,1
27,288,2
27,289,2
27,290,2
27,291,1
27,292,2
27,293,2
27,294,2
27,295,3
27,296,3
27,297,1
27,298,1
27,299,2
27,300,2
27,301,1
27,303,2
27,304,3
27,305,1
27,306,2
27,307,2
27,308,3
27,309,1
27,310,1
27,311,1
27,312,3
27,313,1
27,314,2
27,315,3
28,1,2
28,2,3
28,3,2
28,4,3
28,5,2
28,6,2
28,7,2
28,8,2
28,9,2
28,10,2
28,11,2
28,12,2
28,13,2
28,14,2
28,15,3
28,16,2
28,17,1
28,18,2
28,19,1
28,20,3
28,21,1
28,22,2
28,23,2
28,24,3
28,25,2
28,26,2
28,27,3
28,28,2
28,29,2
28,30,1
28,31,2
28,32,1
28,34,2
28,35,2
28,36,2
28,37,2
28,38,1
28,39,2
28,40,1
28,41,2
28,42,1
28,43,1
28,44,2
28,45,1
28,46,1
28,47,2
28,48,1
28,49,2
28,50,1
28,51,2
28,52,2
28,53,2
28,54,2
28,55,2
28,56,2
28,57,2
28,58,2
28,59,2
28,60,1
28,61,2
28,62,1
28,63,2
28,64,1
28,65,2
28,66,3
28,67,1
28,69,2
28,70,1
28,71,2
28,72,1
28,73,1
28,74,2
28,76,1
28,77,1
28,78,2
28,79,2
28,80,1
28,81,1
28,82,2
28,83,2
28,84,2
28,85,2
28,86,2
28,87,2
28,88,2
28,90,2
28,91,1
28,92,2
28,93,2
28,94,3
28,95,3
28,96,2
28,97,2
28,98,1
28,99,1
28,100,1
28,101,1
28,103,2
28,104,3
28,105,2
28,106,2
28,107,2
28,108,2
28,109,2
28,110,2
28,111,2
28,112,2
28,113,2
28,115,2
28,116,2
28,117,1
28,118,2
28,119,3
28,120,2
28,121,1
28,122,2
28,123,2
28,124,3
28,125,1
28,126,1
28,127,2
28,128,2
28,129,1
28,130,1
28,131,1
28,132,2
28,133,2
28,134,2
28,135,1
28,136,2
28,137,2
28,138,2
28,139,2
28,140,2
28,141,2
28,142,1
28,143,2
28,144,3
28,145,3
28,147,3
28,148,2
28,149,2
28,150,3
28,151,3
28,152,1
28,153,2
28,154,3
28,155,2
28,156,2
28,157,1
28,158,1
28,159,2
28,160,3
28,161,1
28,162,1
28,163,1
28,164,2
28,165,2
28,166,2
28,167,3
28,168,3
28,169,2
28,170,2
28,171,2
28,172,1
28,173,2
28,174,2
28,175,2
28,176,2
28,177,2
28,178,2
28,179,2
28,180,3
28,181,2
28,182,2
28,183,1
28,184,2
28,185,1
28,186,1
28,187,2
28,188,2
28,189,1
28,190,3
28,191,2
28,192,3
28,193,2
28,194,2
28,195,3
28,196,3
28,197,2
28,198,2
28,199,2
28,200,2
28,201,2
28,202,2
28,203,2
28,204,2
28,205,1
28,206,1
28,207,2
28,208,2
28,209,2
28,210,1
28,211,2
28,212,2
28,213,3
28,214,2
28,215,1
28,216,3
28,217,3
28,218,2
28,219,2
28,220,3
28,221,2
28,222,2
28,223,1
28,224,2
28,226,3
28,227,2
28,228,2
28,229,2
28,230,2
28,231,2
28,232,1
28,233,2
28,234,2
28,235,2
28,236,2
28,237,1
28,238,2
28,239,2
28,240,2
28,241,2
28,242,3
28,243,2
28,244,2
28,245,2
28,246,1
28,247,2
28,248,2
28,249,2
28,250,2
28,251,3
28,252,2
28,253,3
28,254,2
28,255,1
28,256,2
28,257,1
28,258,1
28,259,1
28,260,1
28,261,2
28,262,2
28,263,2
28,264,1
28,265,2
28,266,2
28,267,3
28,268,2
28,269,2
28,270,2
28,271,2
28,272,2
28,273,3
28,274,3
28,275,1
28,276,1
28,277,2
28,279,1
28,280,2
28,281,1
28,282,2
28,283,1
28,284,2
28,285,2
28,286,2
28,287,2
28,288,2
28,289,2
28,290,2
28,291,2
28,292,1
28,293,2
28,294,2
28,295,2
28,296,1
28,297,1
28,298,1
28,299,3
28,300,2
28,301,2
28,302,3
28,303,2
28,304,2
28,305,3
28,306,2
28,307,2
28,308,2
28,309,2
28,310,3
28,311,1
28,313,1
28,314,1
28,315,2
29,1,2
29,2,1
29,3,1
29,4,2
29,5,1
29,6,2
29,7,2
29,8,2
29,9,2
29,10,2
29,11,2
29,13,2
29,14,3
29,15,2
29,16,2
29,17,3
29,18,2
29,19,2
29,20,2
29,21,2
29,22,2
29,23,2
29,24,2
29,25,2
29,26,2
29,27,2
29,28,1
29,29,1
29,30,3
29,31,1
29,32,1
29,33,2
29,34,2
29,35,2
29,36,1
29,37,2
29,38,2
29,39,2
29,40,2
29,41,1
29,42,2
29,43,2
29,44,2
29,45,2
29,46,1
29,47,2
29,48,2
29,49,2
29,50,2
29,52,1
29,53,2
29,54,2
29,55,1
29,56,2
29,57,2
29,58,1
29,59,1
29,60,2
29,61,3
29,62,3
29,63,2
29,64,2
29,65,2
29,66,2
29,67,2
29,68,2
29,69,2
29,70,2
29,71,2
29,72,2
29,73,2
29,74,3
29,75,1
29,76,1
29,78,3
29,79,2
29,80,2
29,81,2
29,83,1
29,84,2
29,87,2
29,88,2
29,89,2
29,90,1
29,91,2
29,92,2
29,93,1
29,94,2
29,95,2
29,96,2
29,97,2
29,98,2
29,99,2
29,100,3
29,101,2
29,102,2
29,103,2
29,104,1
29,105,1
29,106,2
29,107,2
29,108,2
29,109,2
29,110,1
29,111,2
29,112,1
29,113,2
29,114,1
29,115,2
29,116,1
29,117,2
29,118,1
29,119,3
29,120,2
29,122,1
29,123,3
29,124,2
29,125,1
29,126,2
29,127,1
29,128,1
29,129,2
29,130,3
29,131,2
29,132,2
29,133,1
29,134,2
29,135,2
29,136,3
29,137,2
29,138,2
29,139,2
29,140,3
29,141,2
29,142,2
29,143,3
29,144,1
29,145,2
29,146,2
29,147,3
29,148,2
29,149,2
29,150,2
29,151,2
29,152,3
29,153,2
29,154,1
29,155,2
29,156,2
29,157,2
29,158,3
29,159,2
29,160,1
29,161,2
29,162,1
29,163,2
29,164,1
29,165,1
29,166,2
29,167,1
29,168,3
29,169,3
29,170,2
29,171,2
29,172,2
29,173,1
29,174,2
29,175,3
29,176,2
29,177,2
29,178,2
29,179,2
29,180,2
29,181,2
29,182,2
29,183,1
29,184,2
29,185,2
29,186,3
29,187,2
29,188,2
29,189,2
29,190,2
29,191,2
29,192,3
29,193,2
29,194,2
29,195,1
29,196,3
29,198,1
29,199,2
29,200,1
29,201,2
29,202,2
29,203,2
29,204,2
29,205,2
29,206,2
29,207,2
29,208,3
29,209,2
29,210,1
29,211,2
29,212,2
29,213,3
29,214,1
29,215,1
29,216,2
29,217,2
29,218,2
29,219,2
29,220,2
29,221,2
29,222,3
29,223,3
29,224,2
29,225,2
29,226,1
29,227,2
29,228,2
29,229,1
29,230,2
29,231,2
29,232,2
29,233,2
29,234,2
29,235,2
29,236,2
29,237,2
29,238,2
29,239,2
29,240,2
29,241,2
29,242,2
29,243,2
29,244,1
29,245,2
29,246,3
29,247,3
29,248,2
29,249,2
29,250,1
29,252,2
29,253,2
29,254,2
29,255,1
29,256,2
29,257,3
29,258,2
29,259,1
29,260,1
29,261,1
29,262,2
29,263,1
29,264,2
29,265,1
29,266,2
29,267,3
29,268,2
29,269,2
29,270,1
29,271,2
29,272,2
29,273,2
29,274,3
29,275,1
29,277,1
29,278,2
29,279,2
29,280,3
29,281,3
29,282,1
29,283,2
29,284,2
29,285,1
29,286,1
29,287,2
29,288,2
29,290,2
29,291,2
29,292,1
29,293,2
29,294,2
29,295,2
29,296,3
29,297,1
29,298,2
29,299,1
29,300,2
29,301,2
29,302,2
29,303,2
29,304,2
29,305,3
29,306,2
29,307,1
29,308,2
29,309,2
29,310,1
29,312,2
29,313,3
29,314,2
29,315,2
30,1,3
30,2,2
30,3,2
30,4,3
30,5,2
30,6,1
30,7,1
30,8,2
30,9,3
30,10,2
30,11,3
30,12,3
30,13,1
30,14,2
30,15,2
30,16,1
30,17,1
30,19,1
30,20,2
30,21,2
30,22,1
30,24,2
30,25,1
30,26,1
30,27,2
30,28,3
30,29,1
30,30,2
30,31,3
30,32,2
30,33,1
30,34,1
30,35,3
30,36,2
30,37,2
30,38,2
30,39,2
30,40,3
30,41,2
30,42,2
30,43,2
30,44,3
30,45,2
30,46,2
30,47,3
30,48,2
30,49,1
30,50,3
30,51,2
30,52,2
30,53,3
30,54,2
30,55,2
30,56,3
30,57,1
30,58,3
30,59,1
30,60,2
30,61,1
30,62,1
30,63,3
30,64,1
30,65,1
30,66,1
30,67,3
30,68,2
30,69,2
30,70,2
30,71,2
30,72,3
30,73,1
30,75,2
30,76,2
30,77,3
30,78,2
30,79,2
30,80,2
30,81,3
30,82,1
30,83,1
30,84,1
30,85,2
30,86,3
30,87,3
30,88,1
30,89,3
30,90,1
30,91,2
30,92,2
30,93,3
30,94,1
30,95,1
30,96,3
30,97,2
30,98,2
30,99,1
30,100,1
30,101,3
30,102,2
30,103,2
30,104,2
30,105,2
30,106,2
30,107,2
30,108,3
30,109,2
30,110,3
30,111,1
30,112,1
30,113,2
30,114,1
30,116,1
30,117,2
30,118,2
30,120,3
30,121,2
30,122,2
30,123,1
30,124,2
30,125,1
30,126,1
30,127,2
30,128,1
30,129,1
30,130,2
30,131,2
30,132,3
30,133,2
30,134,1
30,135,2
30,136,1
30,137,1
30,138,1
30,139,2
30,140,2
30,141,2
30,142,3
30,143,2
30,144,1
30,145,3
30,146,1
30,147,1
30,148,2
30,149,2
30,150,1
30,151,2
30,152,2
30,153,1
30,154,2
30,155,2
30,156,3
30,157,1
30,158,1
30,159,1
30,160,2
30,161,2
30,162,1
30,163,2
30,164,3
30,165,2
30,166,2
30,167,2
30,168,2
30,169,1
30,170,1
30,171,2
30,172,2
30,173,2
30,174,1
30,175,1
30,176,3
30,177,2
30,178,2
30,179,3
30,180,3
30,181,2
30,182,2
30,183,3
30,184,2
30,185,3
30,186,2
30,187,3
30,188,1
30,189,2
30,191,2
30,192,1
30,193,3
30,194,2
30,195,3
30,196,1
30,197,2
30,198,2
30,199,1
30,200,2
30,201,2
30,202,1
30,203,1
30,204,3
30,205,2
30,206,2
30,207,1
30,209,1
30,210,2
30,211,1
30,212,3
30,213,2
30,214,2
30,215,2
30,216,1
30,217,2
30,218,2
30,219,2
30,220,1
30,221,1
30,222,1
30,224,2
30,225,1
30,226,3
30,227,1
30,228,2
30,230,1
30,231,2
30,232,1
30,233,1
30,234,1
30,235,2
30,236,2
30,237,3
30,239,2
30,240,2
30,241,1
30,243,3
30,244,3
30,245,2
30,246,2
30,247,2
30,248,2
30,249,3
30,250,2
30,251,2
30,252,1
30,253,2
30,254,3
30,255,2
30,256,3
30,258,3
30,259,2
30,260,3
30,261,2
30,262,2
30,263,3
30,264,2
30,265,2
30,266,3
30,267,1
30,268,3
30,269,3
30,270,2
30,271,1
30,273,2
30,274,2
30,275,1
30,276,2
30,277,2
30,278,2
30,279,3
30,280,1
30,281,2
30,282,2
30,283,3
30,284,2
30,285,2
30,286,1
30,288,3
30,289,3
30,290,1
30,291,2
30,292,3
30,293,2
30,294,1
30,295,3
30,296,1
30,297,2
30,298,2
30,300,3
30,301,2
30,302,3
30,303,2
30,304,1
30,305,2
30,306,1
30,307,1
30,308,2
30,309,3
30,310,2
30,311,2
30,312,2
30,313,1
30,314,2
30,315,1
31,2,2
31,3,3
31,4,2
31,5,3
31,6,1
31,7,3
31,8,1
31,9,1
31,10,2
31,11,1
31,12,2
31,13,3
31,14,1
31,15,3
31,16,2
31,17,2
31,18,2
31,19,2
31,20,1
31,21,2
31,22,2
31,23,3
31,24,3
31,25,3
31,26,1
31,27,2
31,28,2
31,29,2
31,30,1
31,32,2
31,33,2
31,34,3
31,35,1
31,36,1
31,37,2
31,38,1
31,39,1
31,40,2
31,41,2
31,42,2
31,43,2
31,45,1
31,46,2
31,47,2
31,48,2
31,49,3
31,50,1
31,51,1
31,52,1
31,53,2
31,54,2
31,55,1
31,56,1
31,57,1
31,58,2
31,59,2
31,60,1
31,61,1
31,62,1
31,63,2
31,64,2
31,65,1
31,66,3
31,67,2
31,68,1
31,69,1
31,70,3
31,71,3
31,72,1
31,73,3
31,74,3
31,76,3
31,77,1
31,78,2
31,79,1
31,80,2
31,81,1
31,82,1
31,83,3
31,84,2
31,85,2
31,87,2
31,88,1
31,89,1
31,90,2
31,91,2
31,92,2
31,93,2
31,94,2
31,95,3
31,96,1
31,97,1
31,99,3
31,100,1
31,101,2
31,102,2
31,103,1
31,104,2
31,105,1
31,106,1
31,107,2
31,108,2
31,110,2
31,111,3
31,112,1
31,113,2
31,114,3
31,115,2
31,116,2
31,117,3
31,118,3
31,119,2
31,120,1
31,121,3
31,122,2
31,123,3
31,124,2
31,125,2
31,126,2
31,128,2
31,129,3
31,131,2
31,132,1
31,133,3
31,134,3
31,135,3
31,136,2
31,137,3
31,138,2
31,139,1
31,140,2
31,141,3
31,142,1
31,143,2
31,144,2
31,145,1
31,146,3
31,148,1
31,149,3
31,150,2
31,151,1
31,152,1
31,153,3
31,154,2
31,155,1
31,156,2
31,157,2
31,158,2
31,159,3
31,160,3
31,161,1
31,162,2
31,163,3
31,164,2
31,165,3
31,166,3
31,167,3
31,168,2
31,169,1
31,170,2
31,171,3
31,172,3
31,173,2
31,174,3
31,175,1
31,177,1
31,178,2
31,179,2
31,180,2
31,181,2
31,182,3
31,183,1
31,184,3
31,185,2
31,186,1
31,187,2
31,188,2
31,189,1
31,190,1
31,191,3
31,192,1
31,193,2
31,194,2
31,195,2
31,196,2
31,197,3
31,198,2
31,199,1
31,200,2
31,201,2
31,202,1
31,203,3
31,204,1
31,205,2
31,206,2
31,207,3
31,208,1
31,209,3
31,210,2
31,211,3
31,212,1
31,213,1
31,214,2
31,215,1
31,216,3
31,217,2
31,218,2
31,219,1
31,220,1
31,221,3
31,222,2
31,223,1
31,224,1
31,225,1
31,226,2
31,227,2
31,228,2
31,229,3
31,230,2
31,231,2
31,233,3
31,234,1
31,235,2
31,236,1
31,237,2
31,239,1
31,240,2
31,241,1
31,242,1
31,243,1
31,244,2
31,245,3
31,246,2
31,247,1
31,248,2
31,249,2
31,250,2
31,251,2
31,252,2
31,253,3
31,254,1
31,255,2
31,256,1
31,258,1
31,259,1
31,260,2
31,261,2
31,262,2
31,263,2
31,264,2
31,265,3
31,266,1
31,268,1
31,269,1
31,270,2
31,272,2
31,273,2
31,274,1
31,275,1
31,276,3
31,277,2
31,278,3
31,279,2
31,280,2
31,281,2
31,282,3
31,283,2
31,284,1
31,285,2
31,286,3
31,287,1
31,288,2
31,289,2
31,290,2
31,291,1
31,292,2
31,293,2
31,294,3
31,296,3
31,297,2
31,298,3
31,299,3
31,301,2
31,302,1
31,303,3
31,304,2
31,305,2
31,306,3
31,307,3
31,308,2
31,309,2
31,310,2
31,311,3
31,312,1
31,313,2
31,314,3
31,315,3
32,1,3
32,2,3
32,3,1
32,4,2
32,5,2
32,6,2
32,7,2
32,8,1
32,9,2
32,10,1
32,11,2
32,12,2
32,13,2
32,14,3
32,15,2
32,16,1
32,17,3
32,18,2
32,20,1
32,21,2
32,22,2
32,23,2
32,24,2
32,26,2
32,27,2
32,28,2
32,29,2
32,30,3
32,31,2
32,32,2
32,33,2
32,34,1
32,35,2
32,36,3
32,37,1
32,38,2
32,39,2
32,40,2
32,41,2
32,42,2
32,43,2
32,44,2
32,45,1
32,46,3
32,47,1
32,48,2
32,49,1
32,51,3
32,52,3
32,53,1
32,54,2
32,56,2
32,57,3
32,58,2
32,59,2
32,60,2
32,61,1
32,62,2
32,63,1
32,64,1
32,65,1
32,66,1
32,67,2
32,68,2
32,69,3
32,70,2
32,71,2
32,72,2
32,73,1
32,74,2
32,75,2
32,76,2
32,77,2
32,78,2
32,79,2
32,80,1
32,81,2
32,82,2
32,83,2
32,84,2
32,85,1
32,86,3
32,87,2
32,88,3
32,89,2
32,90,2
32,91,2
32,92,2
32,93,2
32,94,2
32,95,1
32,96,2
32,97,2
32,98,1
32,99,2
32,100,2
32,101,2
32,102,2
32,103,3
32,104,2
32,105,3
32,106,2
32,107,2
32,108,2
32,109,2
32,110,2
32,111,1
32,112,2
32,113,3
32,114,2
32,115,3
32,116,2
32,118,1
32,119,1
32,121,1
32,122,2
32,123,2
32,124,2
32,125,2
32,126,2
32,127,2
32,128,2
32,129,1
32,130,2
32,131,3
32,132,2
32,133,2
32,134,2
32,135,2
32,137,2
32,138,1
32,139,2
32,140,2
32,141,2
32,142,3
32,143,1
32,144,2
32,145,3
32,146,1
32,147,2
32,148,3
32,149,2
32,150,2
32,151,2
32,152,1
32,153,2
32,155,3
32,156,2
32,157,1
32,158,2
32,159,2
32,160,2
32,161,3
32,162,2
32,163,1
32,165,2
32,166,1
32,167,2
32,168,1
32,169,2
32,170,2
32,171,2
32,172,2
32,173,2
32,174,1
32,175,3
32,176,3
32,177,2
32,178,2
32,179,2
32,180,2
32,181,1
32,182,2
32,183,2
32,184,2
32,185,1
32,186,2
32,187,2
32,188,2
32,189,3
32,190,2
32,191,2
32,192,2
32,194,3
32,195,2
32,196,1
32,197,2
32,198,2
32,199,1
32,200,3
32,202,3
32,203,1
32,204,3
32,205,2
32,206,2
32,207,2
32,208,2
32,209,2
32,210,1
32,211,2
32,212,3
32,213,2
32,214,2
32,215,2
32,216,2
32,217,1
32,218,2
32,219,3
32,220,2
32,221,1
32,222,1
32,223,2
32,225,2
32,226,2
32,227,2
32,228,1
32,229,2
32,230,2
32,231,2
32,232,2
32,233,2
32,234,3
32,236,1
32,237,1
32,238,1
32,239,2
32,240,2
32,241,2
32,242,1
32,243,2
32,245,2
32,246,2
32,247,2
32,248,2
32,249,2
32,250,3
32,251,2
32,252,1
32,254,2
32,255,2
32,256,3
32,257,1
32,258,2
32,259,1
32,260,2
32,261,1
32,262,2
32,263,2
32,264,3
32,265,2
32,266,1
32,267,2
32,268,2
32,269,3
32,270,2
32,271,1
32,272,2
32,273,2
32,274,2
32,275,1
32,276,1
32,277,2
32,278,1
32,279,1
32,280,2
32,281,2
32,282,2
32,283,2
32,284,3
32,285,1
32,286,1
32,287,3
32,288,1
32,289,2
32,290,3
32,291,2
32,292,1
32,293,2
32,294,2
32,295,3
32,296,1
32,297,3
32,298,1
32,299,2
32,300,2
32,301,2
32,302,3
32,303,2
32,304,2
32,305,2
32,306,2
32,308,2
32,309,2
32,310,2
32,311,2
32,312,3
32,313,2
32,314,2
32,315,1
33,1,3
33,2,2
33,3,2
33,4,2
33,6,2
33,7,2
33,8,2
33,9,2
33,10,3
33,11,1
33,12,3
33,14,1
33,15,2
33,16,2
33,17,1
33,18,2
33,19,2
33,20,2
33,21,1
33,22,2
33,23,1
33,24,2
33,25,2
33,26,1
33,27,2
33,28,2
33,29,2
33,30,2
33,31,2
33,32,2
33,34,1
33,35,2
33,36,2
33,37,1
33,38,3
33,39,1
33,40,2
33,42,1
33,43,2
33,44,3
33,45,2
33,46,2
33,47,2
33,48,2
33,49,2
33,50,1
33,51,2
33,52,2
33,53,1
33,54,2
33,55,2
33,56,2
33,57,2
33,58,3
33,59,1
33,60,2
33,61,2
33,62,3
33,63,1
33,64,2
33,65,2
33,67,3
33,68,2
33,69,2
33,70,2
33,71,3
33,72,3
33,73,2
33,74,1
33,75,1
33,76,3
33,77,3
33,78,3
33,79,2
33,80,3
33,81,2
33,82,1
33,83,2
33,84,2
33,85,2
33,86,3
33,87,2
33,88,2
33,89,3
33,90,1
33,91,1
33,92,1
33,93,3
33,94,2
33,95,2
33,96,2
33,97,1
33,98,2
33,99,2
33,100,1
33,101,2
33,102,3
33,103,2
33,104,1
33,105,2
33,106,2
33,107,2
33,108,2
33,109,2
33,110,2
33,111,1
33,112,1
33,113,2
33,114,2
33,115,3
33,116,2
33,117,3
33,118,2
33,119,2
33,120,1
33,122,2
33,123,1
33,124,1
33,125,1
33,126,2
33,127,2
33,128,2
33,129,2
33,130,2
33,131,2
33,132,1
33,133,3
33,134,2
33,135,1
33,136,3
33,137,1
33,138,1
33,139,2
33,140,2
33,141,2
33,142,2
33,143,2
33,144,2
33,145,2
33,146,2
33,147,2
33,148,2
33,149,1
33,150,1
33,151,1
33,152,2
33,153,2
33,154,2
33,155,2
33,156,2
33,157,2
33,158,2
33,159,3
33,160,2
33,161,1
33,162,1
33,163,2
33,164,1
33,165,2
33,166,2
33,167,1
33,168,2
33,169,1
33,170,1
33,171,1
33,172,1
33,173,2
33,174,2
33,175,2
33,176,3
33,177,2
33,178,2
33,179,1
33,180,2
33,181,2
33,182,2
33,183,3
33,184,1
33,185,1
33,186,2
33,187,2
33,188,2
33,189,1
33,190,2
33,191,2
33,192,3
33,193,2
33,194,2
33,195,2
33,196,2
33,197,2
33,198,2
33,199,2
33,200,2
33,201,2
33,202,1
33,203,3
33,204,1
33,205,2
33,206,1
33,207,1
33,208,1
33,209,2
33,210,2
33,211,1
33,212,3
33,213,1
33,214,3
33,215,2
33,216,1
33,217,3
33,218,2
33,219,2
33,220,2
33,221,3
33,222,2
33,223,1
33,224,2
33,225,2
33,226,2
33,227,2
33,228,2
33,229,3
33,230,1
33,231,2
33,232,1
33,233,2
33,234,2
33,235,2
33,236,3
33,237,2
33,238,1
33,239,2
33,240,3
33,241,2
33,243,2
33,244,1
33,245,1
33,246,2
33,248,3
33,249,2
33,250,3
33,251,2
33,252,2
33,253,1
33,254,2
33,255,2
33,256,3
33,257,2
33,258,1
33,259,2
33,260,2
33,261,2
33,262,1
33,263,1
33,264,1
33,265,3
33,266,2
33,268,2
33,269,1
33,270,2
33,271,2
33,272,2
33,273,2
33,274,2
33,275,3
33,276,1
33,277,3
33,278,2
33,279,1
33,280,2
33,281,2
33,282,2
33,283,2
33,284,2
33,285,1
33,286,3
33,287,2
33,288,2
33,289,1
33,290,1
33,291,2
33,292,1
33,293,1
33,295,3
33,296,2
33,297,2
33,298,2
33,299,2
33,300,2
33,301,3
33,302,3
33,303,2
33,304,3
33,305,2
33,306,2
33,307,2
33,308,2
33,310,1
33,311,2
33,312,1
33,313,2
33,314,1
33,315,3
34,1,1
34,2,1
34,3,2
34,4,2
34,5,2
34,6,3
34,7,2
34,8,2
34,9,2
34,10,2
34,11,2
34,12,2
34,13,3
34,14,1
34,16,3
34,17,2
34,18,2
34,19,2
34,20,2
34,21,2
34,22,1
34,23,3
34,24,2
34,25,2
34,26,2
34,27,2
34,28,2
34,29,2
34,30,3
34,31,2
34,32,1
34,33,1
34,34,3
34,35,2
34,36,1
34,37,1
34,38,1
34,39,3
34,40,1
34,41,2
34,42,3
34,43,3
34,44,2
34,45,2
34,46,3
34,47,2
34,48,2
34,49,2
34,50,3
34,51,3
34,52,2
34,53,1
34,54,2
34,55,2
34,56,3
34,58,1
34,59,2
34,60,2
34,62,1
34,63,2
34,64,2
34,65,1
34,66,1
34,67,1
34,68,1
34,69,2
34,70,1
34,71,1
34,73,1
34,74,2
34,75,3
34,76,1
34,77,1
34,78,2
34,79,2
34,80,1
34,81,2
34,82,3
34,83,3
34,84,3
34,85,2
34,86,2
34,87,2
34,88,1
34,89,2
34,90,2
34,91,3
34,92,2
34,93,2
34,94,2
34,95,3
34,96,1
34,97,2
34,99,2
34,100,1
34,101,2
34,102,1
34,103,2
34,104,1
34,105,1
34,106,2
34,107,2
34,108,2
34,109,3
34,110,1
34,111,1
34,112,2
34,113,3
34,114,2
34,115,1
34,116,2
34,117,1
34,118,1
34,119,2
34,120,2
34,121,2
34,122,2
34,123,2
34,124,2
34,125,2
34,126,3
34,127,1
34,128,2
34,129,2
34,130,3
34,132,2
34,133,2
34,134,2
34,135,2
34,136,1
34,137,3
34,138,1
34,139,3
34,140,1
34,141,2
34,142,3
34,143,3
34,144,1
34,145,2
34,146,3
34,147,1
34,148,2
34,149,2
34,150,2
34,151,2
34,152,3
34,153,2
34,154,2
34,156,3
34,157,2
34,158,2
34,159,1
34,160,1
34,161,2
34,162,3
34,163,2
34,164,1
34,165,3
34,166,3
34,167,2
34,168,1
34,169,1
34,170,3
34,171,2
34,172,2
34,173,2
34,174,3
34,175,1
34,176,2
34,177,3
34,178,1
34,179,1
34,180,3
34,181,1
34,182,2
34,183,2
34,184,2
34,185,2
34,186,2
34,187,2
34,188,2
34,189,3
34,190,2
34,191,3
34,193,1
34,194,3
34,195,2
34,196,1
34,197,1
34,198,2
34,199,2
34,200,1
34,201,2
34,202,2
34,203,2
34,204,3
34,205,2
34,206,1
34,207,1
34,208,2
34,209,1
34,210,1
34,211,3
34,212,1
34,213,3
34,214,2
34,215,2
34,216,3
34,218,2
34,219,1
34,220,3
34,221,1
34,222,2
34,223,2
34,224,1
34,225,2
34,226,3
34,227,2
34,228,3
34,229,1
34,230,1
34,231,1
34,232,3
34,233,2
34,234,1
34,235,1
34,236,2
34,237,2
34,238,3
34,239,1
34,240,2
34,241,2
34,242,2
34,243,2
34,244,2
34,245,1
34,246,2
34,247,2
34,249,1
34,250,1
34,251,2
34,252,3
34,253,1
34,254,1
34,255,1
34,256,2
34,257,2
34,258,1
34,259,2
34,260,2
34,261,1
34,262,3
34,263,1
34,264,2
34,265,1
34,266,1
34,267,1
34,268,2
34,269,2
34,270,2
34,271,3
34,272,3
34,273,2
34,274,2
34,275,1
34,276,3
34,277,1
34,278,2
34,279,1
34,280,2
34,281,2
34,282,2
34,283,2
34,284,2
34,285,2
34,286,1
34,287,1
34,288,3
34,289,3
34,290,2
34,291,2
34,292,2
34,293,2
34,294,2
34,295,2
34,296,1
34,297,3
34,298,2
34,299,1
34,300,1
34,301,1
34,302,1
34,303,3
34,304,2
34,305,1
34,306,2
34,307,3
34,308,1
34,309,2
34,310,2
34,311,2
34,312,3
34,314,2
34,315,1
35,1,1
35,2,2
35,3,1
35,4,2
35,5,2
35,6,1
35,7,2
35,8,2
35,9,2
35,11,3
35,12,2
35,13,1
35,14,1
35,15,1
35,16,2
35,17,3
35,18,3
35,19,3
35,20,3
35,21,3
35,22,2
35,23,1
35,24,2
35,25,2
35,26,2
35,27,3
35,28,1
35,29,1
35,30,1
35,31,2
35,32,2
35,33,2
35,34,2
35,35,1
35,36,3
35,37,2
35,38,2
35,40,2
35,41,2
35,42,1
35,43,1
35,44,1
35,45,1
35,46,2
35,47,3
35,48,3
35,49,2
35,50,1
35,51,1
35,52,3
35,53,3
35,54,2
35,55,1
35,56,2
35,57,1
35,58,3
35,59,2
35,60,2
35,61,2
35,62,2
35,63,2
35,64,3
35,65,1
35,66,3
35,67,2
35,68,2
35,69,1
35,70,2
35,71,2
35,72,3
35,73,1
35,74,1
35,75,2
35,76,2
35,78,2
35,79,3
35,80,3
35,81,2
35,82,2
35,83,2
35,84,2
35,85,2
35,86,1
35,87,2
35,88,2
35,89,1
35,90,1
35,91,2
35,92,2
35,93,1
35,94,1
35,95,1
35,96,2
35,97,2
35,98,2
35,99,2
35,100,3
35,101,2
35,102,1
35,103,1
35,104,3
35,105,3
35,106,1
35,107,3
35,108,2
35,109,1
35,110,2
35,111,3
35,112,1
35,113,1
35,114,3
35,115,3
35,116,2
35,117,2
35,118,3
35,119,2
35,120,1
35,121,2
35,122,2
35,123,2
35,124,3
35,125,2
35,126,2
35,127,2
35,128,3
35,129,3
35,130,2
35,131,2
35,132,2
35,133,1
35,134,2
35,135,2
35,137,1
35,138,1
35,139,2
35,140,3
35,141,1
35,142,1
35,143,1
35,144,2
35,146,2
35,147,2
35,148,2
35,149,2
35,150,2
35,151,2
35,152,1
35,153,2
35,154,3
35,155,3
35,156,2
35,158,2
35,159,3
35,160,2
35,161,2
35,162,2
35,163,2
35,164,3
35,165,2
35,166,2
35,167,3
35,168,3
35,169,2
35,170,2
35,171,3
35,172,2
35,173,1
35,174,1
35,175,1
35,176,2
35,177,2
35,178,2
35,179,3
35,180,2
35,181,2
35,182,1
35,183,1
35,185,1
35,186,1
35,187,2
35,188,1
35,189,1
35,190,1
35,191,2
35,192,2
35,193,2
35,195,2
35,196,2
35,197,3
35,198,3
35,199,1
35,200,2
35,201,2
35,202,2
35,203,1
35,205,2
35,206,3
35,207,2
35,208,2
35,209,2
35,211,1
35,212,3
35,213,2
35,214,1
35,216,1
35,217,2
35,218,1
35,219,2
35,221,2
35,222,3
35,224,3
35,225,3
35,226,2
35,227,3
35,228,1
35,229,2
35,230,1
35,231,3
35,232,2
35,233,2
35,234,3
35,235,2
35,236,1
35,237,2
35,238,1
35,239,1
35,240,1
35,241,1
35,242,2
35,243,3
35,244,2
35,245,2
35,246,2
35,247,2
35,248,1
35,249,2
35,250,3
35,251,2
35,252,1
35,253,2
35,254,1
35,255,2
35,256,2
35,257,3
35,258,3
35,259,3
35,260,1
35,261,2
35,262,1
35,263,2
35,264,1
35,265,3
35,266,1
35,267,2
35,268,2
35,269,2
35,270,1
35,271,1
35,272,1
35,273,3
35,274,1
35,275,1
35,276,2
35,277,1
35,278,2
35,279,3
35,280,2
35,281,2
35,282,2
35,283,1
35,284,3
35,285,3
35,286,2
35,287,2
35,288,2
35,289,2
35,290,2
35,291,3
35,292,3
35,293,2
35,294,2
35,295,1
35,296,1
35,298,2
35,299,2
35,300,2
35,301,2
35,302,1
35,303,2
35,304,2
35,305,2
35,306,2
35,307,1
35,308,2
35,309,3
35,310,1
35,311,2
35,312,1
35,313,1
35,314,2
35,315,2
36,1,3
36,2,2
36,3,1
36,4,1
36,5,1
36,6,3
36,7,2
36,8,2
36,9,1
36,10,2
36,11,2
36,12,2
36,13,3
36,14,1
36,15,1
36,16,2
36,17,2
36,18,2
36,19,2
36,20,2
36,21,1
36,22,2
36,23,2
36,24,2
36,25,2
36,26,2
36,27,2
36,28,3
36,29,2
36,30,2
36,31,2
36,32,2
36,34,2
36,35,2
36,36,1
36,37,3
36,38,2
36,39,1
36,40,1
36,41,2
36,42,2
36,43,2
36,44,2
36,45,2
36,46,2
36,47,2
36,48,1
36,49,3
36,50,3
36,51,3
36,52,1
36,53,1
36,54,2
36,55,2
36,56,2
36,57,2
36,58,1
36,59,2
36,60,3
36,61,3
36,62,2
36,63,2
36,64,2
36,65,1
36,66,2
36,67,3
36,68,2
36,69,2
36,70,2
36,73,2
36,75,2
36,76,2
36,77,3
36,78,1
36,79,2
36,80,1
36,81,2
36,82,2
36,83,2
36,84,1
36,85,2
36,86,1
36,87,1
36,88,2
36,89,1
36,90,1
36,91,1
36,92,2
36,93,2
36,94,2
36,95,3
36,96,1
36,97,1
36,98,2
36,99,2
36,100,1
36,101,1
36,102,2
36,103,3
36,104,2
36,105,1
36,106,2
36,107,2
36,108,2
36,109,2
36,110,1
36,111,2
36,112,2
36,113,2
36,114,2
36,115,2
36,116,2
36,117,1
36,118,1
36,119,2
36,120,2
36,121,3
36,122,3
36,123,2
36,124,2
36,125,1
36,126,2
36,127,2
36,128,2
36,129,1
36,130,2
36,131,2
36,133,2
36,134,1
36,135,1
36,136,3
36,137,2
36,138,2
36,139,2
36,140,2
36,141,2
36,142,3
36,143,3
36,144,2
36,146,2
36,147,2
36,148,2
36,149,2
36,150,2
36,151,2
36,152,2
36,153,2
36,154,2
36,155,2
36,156,2
36,157,3
36,158,2
36,159,2
36,160,1
36,161,2
36,162,2
36,163,3
36,164,2
36,165,2
36,166,2
36,168,2
36,169,2
36,170,1
36,171,2
36,173,1
36,174,2
36,175,3
36,176,2
36,177,2
36,178,2
36,179,1
36,180,2
36,181,2
36,182,2
36,183,3
36,184,2
36,185,2
36,186,1
36,187,2
36,188,2
36,189,2
36,190,2
36,191,2
36,192,2
36,193,2
36,195,2
36,196,2
36,197,2
36,198,2
36,199,3
36,200,3
36,201,2
36,202,2
36,203,2
36,204,2
36,205,1
36,206,1
36,207,3
36,208,2
36,209,3
36,210,2
36,211,2
36,212,2
36,213,1
36,214,2
36,215,2
36,216,1
36,217,2
36,218,3
36,219,1
36,220,3
36,221,2
36,222,2
36,223,1
36,224,2
36,225,2
36,226,2
36,227,2
36,228,1
36,229,2
36,230,3
36,231,2
36,232,2
36,233,2
36,234,2
36,235,2
36,236,1
36,237,3
36,239,1
36,240,3
36,241,2
36,242,1
36,243,2
36,244,2
36,245,2
36,246,3
36,247,2
36,248,2
36,249,3
36,250,2
36,251,3
36,252,2
36,253,2
36,254,2
36,255,2
36,256,2
36,257,2
36,258,1
36,259,2
36,260,1
36,261,2
36,262,1
36,263,2
36,265,2
36,266,2
36,267,2
36,269,2
36,270,2
36,271,2
36,272,2
36,273,1
36,274,2
36,275,3
36,276,1
36,277,3
36,279,2
36,280,1
36,281,2
36,282,2
36,283,2
36,284,2
36,285,2
36,286,3
36,287,1
36,288,2
36,289,1
36,290,3
36,291,2
36,292,1
36,293,2
36,294,2
36,295,1
36,296,2
36,297,1
36,298,2
36,299,2
36,300,2
36,301,1
36,302,3
36,303,1
36,304,1
36,305,1
36,306,2
36,307,2
36,308,2
36,309,2
36,310,2
36,311,1
36,312,1
36,313,1
36,314,2
36,315,2
37,1,1
37,2,3
37,3,1
37,4,2
37,5,2
37,6,2
37,7,2
37,8,2
37,9,1
37,10,2
37,11,2
37,12,2
37,13,2
37,14,2
37,15,2
37,16,3
37,17,1
37,18,3
37,19,2
37,20,1
37,21,2
37,22,1
37,23,2
37,24,2
37,25,2
37,26,2
37,27,1
37,28,3
37,29,2
37,30,1
37,31,2
37,32,2
37,33,1
37,34,2
37,35,2
37,36,1
37,37,1
37,38,3
37,39,2
37,40,1
37,41,2
37,42,1
37,43,2
37,44,2
37,45,2
37,46,1
37,47,2
37,48,1
37,49,1
37,50,2
37,51,2
37,52,2
37,53,1
37,54,3
37,55,2
37,56,3
37,57,3
37,58,1
37,59,2
37,60,1
37,61,2
37,62,2
37,63,1
37,64,2
37,65,2
37,66,1
37,67,3
37,68,1
37,69,2
37,70,2
37,71,2
37,72,1
37,73,2
37,74,2
37,75,2
37,76,2
37,78,2
37,79,2
37,81,2
37,82,2
37,84,2
37,85,2
37,86,3
37,87,2
37,88,1
37,89,2
37,90,2
37,91,3
37,92,2
37,93,2
37,94,3
37,95,2
37,96,2
37,97,2
37,98,3
37,99,3
37,100,3
37,101,2
37,102,1
37,103,1
37,104,2
37,105,2
37,106,2
37,107,1
37,108,1
37,109,2
37,110,3
37,111,1
37,112,1
37,113,2
37,114,2
37,115,2
37,116,2
37,117,1
37,118,2
37,119,2
37,120,2
37,121,2
37,122,3
37,123,2
37,124,3
37,125,3
37,126,1
37,127,1
37,128,3
37,129,1
37,130,1
37,131,1
37,132,1
37,133,1
37,134,2
37,135,2
37,136,2
37,137,2
37,138,2
37,139,2
37,140,3
37,141,2
37,142,2
37,143,2
37,144,2
37,145,3
37,146,2
37,147,2
37,148,1
37,149,2
37,150,2
37,151,2
37,152,2
37,153,2
37,154,3
37,155,1
37,156,2
37,157,1
37,158,2
37,159,2
37,160,2
37,161,1
37,162,2
37,163,2
37,164,2
37,165,2
37,166,2
37,168,2
37,169,1
37,170,2
37,171,2
37,172,3
37,173,2
37,174,2
37,175,2
37,176,1
37,177,3
37,178,2
37,179,2
37,180,2
37,181,2
37,182,2
37,183,2
37,184,1
37,185,1
37,186,2
37,187,3
37,188,2
37,189,3
37,190,2
37,191,2
37,192,1
37,193,2
37,194,3
37,195,2
37,196,2
37,197,2
37,198,3
37,199,2
37,200,2
37,201,2
37,202,1
37,203,2
37,204,1
37,205,1
37,206,2
37,207,2
37,208,2
37,209,2
37,210,2
37,211,2
37,212,2
37,213,2
37,214,2
37,215,3
37,216,1
37,217,2
37,218,1
37,219,2
37,220,1
37,221,2
37,222,2
37,223,1
37,224,2
37,225,2
37,226,2
37,227,2
37,228,2
37,229,2
37,230,3
37,231,3
37,232,3
37,233,1
37,234,2
37,235,2
37,236,1
37,237,2
37,238,2
37,239,2
37,240,2
37,241,1
37,242,2
37,243,2
37,244,2
37,245,2
37,246,2
37,247,1
37,248,1
37,249,2
37,250,2
37,251,1
37,252,2
37,253,1
37,254,1
37,255,2
37,256,2
37,257,1
37,258,2
37,259,3
37,260,3
37,261,1
37,262,3
37,263,3
37,264,3
37,265,3
37,266,2
37,267,2
37,268,2
37,269,2
37,270,1
37,271,1
37,272,1
37,273,2
37,274,2
37,275,1
37,276,2
37,277,2
37,278,2
37,280,1
37,281,1
37,282,2
37,283,1
37,284,2
37,285,3
37,286,2
37,287,2
37,288,3
37,289,1
37,290,2
37,291,2
37,292,2
37,293,2
37,294,1
37,295,3
37,296,2
37,297,3
37,298,2
37,299,1
37,300,2
37,301,1
37,302,1
37,303,2
37,304,2
37,305,1
37,306,1
37,307,2
37,309,2
37,310,2
37,311,1
37,313,1
37,314,1
38,1,2
38,3,2
38,4,2
38,5,2
38,6,3
38,7,1
38,8,3
38,9,1
38,10,2
38,11,2
38,12,1
38,13,1
38,14,2
38,15,2
38,16,1
38,17,2
38,18,1
38,19,1
38,21,2
38,22,2
38,23,1
38,25,1
38,26,2
38,27,1
38,28,1
38,29,2
38,31,2
38,32,3
38,33,1
38,34,2
38,35,2
38,36,1
38,37,2
38,38,1
38,39,1
38,40,2
38,41,2
38,42,3
38,43,3
38,44,2
38,45,3
38,46,2
38,47,2
38,48,2
38,49,2
38,50,2
38,51,2
38,52,2
38,53,2
38,54,2
38,55,2
38,56,2
38,57,1
38,58,3
38,59,2
38,60,2
38,61,3
38,62,3
38,63,3
38,65,3
38,66,2
38,67,1
38,68,3
38,69,2
38,70,2
38,71,2
38,73,2
38,74,2
38,75,3
38,76,1
38,77,3
38,78,2
38,79,2
38,80,3
38,81,2
38,82,2
38,83,3
38,84,1
38,85,2
38,86,1
38,87,2
38,88,2
38,89,3
38,90,2
38,91,2
38,92,1
38,93,1
38,94,1
38,95,2
38,96,3
38,97,2
38,98,1
38,99,1
38,100,1
38,101,2
38,102,2
38,103,2
38,104,3
38,105,2
38,106,1
38,107,2
38,109,1
38,110,1
38,111,2
38,112,3
38,113,1
38,114,1
38,115,2
38,116,2
38,117,3
38,118,2
38,119,1
38,120,1
38,121,3
38,122,1
38,123,3
38,125,2
38,126,2
38,127,2
38,128,1
38,129,3
38,130,1
38,131,1
38,132,2
38,133,2
38,134,1
38,136,1
38,137,1
38,138,1
38,139,2
38,140,2
38,141,3
38,142,2
38,143,2
38,144,2
38,145,2
38,146,1
38,147,2
38,148,2
38,149,2
38,150,1
38,151,2
38,152,1
38,153,1
38,154,2
38,155,2
38,156,2
38,157,3
38,158,2
38,159,2
38,160,1
38,161,2
38,162,1
38,164,2
38,165,1
38,166,2
38,167,2
38,168,3
38,169,3
38,170,2
38,171,2
38,173,1
38,174,2
38,175,3
38,176,3
38,178,1
38,179,3
38,180,2
38,181,2
38,182,2
38,183,2
38,185,3
38,186,2
38,187,1
38,188,2
38,189,1
38,190,3
38,191,2
38,192,2
38,193,1
38,194,2
38,195,3
38,196,2
38,197,2
38,198,2
38,199,3
38,200,1
38,201,2
38,202,2
38,203,2
38,204,2
38,205,3
38,206,2
38,207,2
38,208,1
38,209,3
38,210,3
38,211,1
38,212,3
38,213,2
38,214,3
38,215,1
38,216,2
38,217,3
38,218,3
38,219,2
38,220,2
38,221,2
38,222,2
38,223,3
38,224,2
38,225,2
38,226,2
38,227,3
38,228,1
38,229,3
38,231,2
38,232,1
38,233,2
38,234,1
38,235,3
38,236,2
38,237,2
38,238,3
38,239,2
38,240,2
38,241,2
38,242,3
38,243,3
38,244,1
38,245,2
38,246,1
38,247,2
38,248,2
38,249,2
38,250,2
38,251,2
38,252,2
38,253,3
38,254,2
38,255,3
38,256,3
38,257,2
38,258,3
38,260,1
38,261,1
38,262,2
38,264,1
38,266,2
38,267,2
38,268,2
38,269,2
38,270,2
38,271,2
38,272,1
38,273,2
38,274,3
38,275,2
38,276,2
38,277,2
38,278,3
38,279,3
38,280,1
38,281,2
38,282,1
38,283,1
38,284,3
38,285,1
38,286,2
38,287,1
38,288,1
38,289,2
38,290,1
38,291,2
38,292,3
38,293,1
38,294,2
38,295,2
38,296,1
38,298,3
38,299,2
38,300,1
38,301,2
38,302,2
38,303,2
38,304,2
38,305,3
38,306,1
38,307,1
38,308,2
38,309,1
38,310,2
38,311,2
38,312,3
38,313,2
38,314,2
38,315,2
39,1,3
39,2,2
39,3,2
39,4,3
39,5,1
39,6,1
39,7,3
39,8,2
39,9,2
39,10,3
39,11,2
39,12,2
39,13,1
39,14,3
39,15,2
39,16,2
39,17,3
39,18,1
39,19,2
39,20,1
39,21,3
39,22,2
39,23,2
39,24,1
39,25,1
39,26,2
39,27,2
39,28,2
39,29,3
39,30,3
39,31,1
39,32,1
39,33,2
39,34,1
39,35,2
39,36,2
39,37,2
39,38,3
39,39,3
39,40,1
39,41,1
39,42,1
39,43,2
39,44,3
39,45,2
39,47,1
39,48,3
39,49,1
39,50,3
39,51,1
39,52,2
39,53,1
39,54,1
39,55,2
39,56,2
39,57,3
39,58,2
39,59,3
39,60,2
39,61,2
39,62,2
39,63,1
39,64,1
39,65,2
39,66,2
39,67,3
39,68,1
39,69,2
39,70,2
39,71,3
39,72,2
39,73,1
39,74,1
39,75,1
39,76,3
39,77,1
39,78,2
39,79,2
39,80,1
39,81,2
39,82,2
39,83,2
39,84,3
39,85,1
39,86,2
39,87,2
39,88,3
39,89,1
39,90,3
39,91,2
39,92,2
39,93,2
39,94,2
39,95,1
39,96,2
39,97,3
39,98,2
39,99,2
39,101,2
39,102,3
39,103,2
39,104,2
39,105,2
39,106,1
39,107,1
39,108,3
39,109,2
39,110,2
39,111,3
39,112,2
39,113,2
39,114,1
39,115,1
39,116,3
39,117,1
39,118,2
39,119,2
39,120,2
39,121,2
39,122,2
39,123,2
39,124,3
39,125,2
39,126,2
39,127,1
39,128,2
39,129,1
39,130,2
39,131,3
39,132,3
39,133,1
39,134,3
39,135,1
39,136,2
39,137,1
39,138,3
39,139,3
39,140,2
39,141,1
39,142,3
39,143,1
39,144,2
39,145,2
39,146,2
39,147,3
39,148,2
39,149,1
39,150,2
39,151,3
39,152,3
39,153,2
39,154,2
39,155,3
39,156,1
39,157,2
39,158,1
39,159,1
39,160,2
39,161,2
39,162,1
39,163,3
39,164,3
39,166,2
39,167,3
39,168,2
39,169,2
39,170,2
39,171,3
39,172,1
39,173,1
39,174,3
39,175,1
39,176,1
39,177,2
39,178,1
39,179,2
39,180,1
39,181,3
39,182,2
39,183,1
39,184,3
39,185,2
39,186,1
39,187,2
39,188,1
39,189,2
39,190,2
39,191,1
39,192,1
39,193,2
39,195,1
39,196,1
39,197,2
39,198,2
39,200,2
39,201,3
39,202,1
39,203,1
39,204,1
39,205,1
39,206,2
39,207,2
39,208,2
39,209,1
39,210,1
39,211,3
39,213,2
39,214,1
39,216,1
39,217,2
39,218,2
39,219,2
39,220,3
39,221,2
39,222,2
39,223,2
39,224,1
39,225,1
39,226,2
39,227,2
39,228,1
39,229,1
39,230,3
39,231,2
39,232,3
39,234,3
39,235,2
39,236,2
39,237,3
39,238,2
39,239,3
39,241,1
39,242,2
39,243,1
39,244,3
39,245,2
39,246,1
39,248,3
39,249,1
39,250,2
39,251,1
39,252,3
39,253,2
39,254,1
39,255,2
39,256,1
39,257,3
39,258,2
39,259,2
39,260,3
39,261,3
39,262,2
39,263,1
39,264,1
39,266,2
39,267,2
39,268,1
39,269,3
39,270,2
39,271,2
39,272,1
39,273,2
39,274,2
39,275,3
39,276,1
39,277,2
39,278,1
39,279,2
39,280,2
39,281,3
39,282,2
39,283,3
39,284,2
39,285,3
39,286,2
39,287,2
39,288,2
39,290,2
39,291,2
39,292,2
39,293,2
39,294,1
39,295,1
39,297,3
39,298,2
39,299,1
39,300,2
39,301,1
39,302,1
39,303,2
39,304,2
39,305,1
39,306,2
39,307,2
39,308,1
39,309,2
39,310,2
39,311,2
39,313,3
39,314,2
39,315,1
40,1,2
40,2,2
40,3,2
40,4,2
40,5,1
40,6,1
40,7,2
40,9,2
40,10,1
40,11,2
40,12,1
40,13,3
40,14,2
40,15,3
40,16,1
40,17,2
40,18,1
40,19,2
40,20,2
40,21,2
40,22,3
40,23,1
40,24,2
40,25,2
40,26,2
40,28,2
40,29,2
40,30,2
40,31,3
40,32,2
40,33,2
40,34,2
40,35,2
40,36,1
40,37,2
40,38,2
40,39,1
40,40,2
40,41,3
40,42,2
40,43,1
40,44,2
40,45,2
40,46,3
40,47,2
40,48,2
40,49,2
40,50,1
40,52,2
40,53,3
40,54,3
40,55,2
40,56,2
40,57,1
40,58,2
40,59,2
40,60,2
40,61,2
40,62,2
40,63,3
40,64,2
40,65,2
40,66,2
40,67,2
40,68,1
40,69,2
40,70,1
40,71,2
40,72,2
40,73,1
40,74,2
40,75,2
40,76,2
40,77,2
40,78,2
40,79,3
40,80,1
40,81,2
40,82,2
40,83,2
40,84,2
40,85,2
40,86,2
40,87,2
40,88,2
40,89,2
40,90,2
40,91,1
40,92,2
40,93,2
40,94,1
40,95,2
40,96,1
40,98,2
40,99,3
40,100,2
40,101,3
40,102,2
40,103,3
40,104,2
40,105,2
40,106,2
40,107,2
40,108,2
40,109,2
40,110,2
40,111,2
40,112,1
40,113,2
40,114,3
40,115,3
40,116,2
40,117,2
40,118,2
40,119,1
40,120,2
40,121,1
40,122,2
40,123,2
40,125,2
40,126,2
40,127,2
40,128,1
40,129,3
40,130,3
40,131,1
40,132,1
40,133,2
40,134,1
40,135,3
40,136,2
40,137,3
40,139,2
40,140,2
40,141,1
40,142,1
40,143,1
40,144,1
40,145,1
40,146,1
40,147,2
40,148,1
40,149,1
40,150,2
40,151,1
40,152,2
40,153,1
40,154,2
40,155,2
40,157,1
40,158,2
40,159,2
40,160,3
40,161,2
40,162,2
40,163,2
40,164,1
40,165,3
40,166,2
40,167,1
40,168,1
40,170,1
40,171,2
40,172,3
40,173,2
40,174,2
40,175,3
40,176,2
40,177,3
40,178,1
40,179,1
40,180,1
40,181,2
40,182,3
40,183,2
40,184,2
40,185,2
40,186,2
40,187,1
40,188,1
40,189,2
40,190,1
40,191,1
40,192,2
40,193,2
40,194,3
40,195,1
40,196,3
40,197,1
40,198,2
40,199,2
40,200,2
40,201,2
40,202,3
40,203,2
40,204,2
40,205,3
40,206,2
40,207,2
40,208,1
40,209,1
40,210,2
40,211,2
40,212,1
40,213,2
40,214,2
40,215,2
40,216,3
40,217,2
40,218,2
40,219,2
40,220,2
40,221,2
40,222,2
40,223,1
40,224,2
40,225,3
40,226,2
40,227,2
40,228,2
40,229,1
40,230,2
40,231,2
40,232,1
40,233,3
40,234,2
40,235,2
40,236,1
40,237,1
40,238,1
40,239,1
40,240,2
40,241,2
40,242,2
40,243,2
40,244,1
40,245,2
40,246,2
40,247,2
40,248,2
40,249,2
40,250,2
40,251,1
40,252,2
40,253,1
40,254,3
40,255,2
40,256,2
40,257,2
40,258,2
40,259,3
40,260,2
40,261,1
40,262,1
40,263,2
40,264,3
40,265,2
40,266,2
40,267,1
40,268,1
40,269,2
40,270,2
40,271,1
40,272,2
40,273,2
40,274,2
40,275,2
40,276,2
40,277,1
40,278,2
40,279,1
40,280,1
40,281,1
40,282,2
40,283,2
40,284,1
40,285,1
40,286,2
40,287,2
40,288,1
40,289,1
40,290,2
40,291,2
40,292,2
40,293,3
40,294,3
40,295,1
40,296,3
40,297,1
40,298,1
40,299,2
40,300,3
40,301,2
40,302,3
40,303,2
40,304,3
40,305,3
40,306,2
40,307,1
40,308,2
40,309,2
40,310,2
40,311,2
40,312,2
40,313,2
40,314,2
40,315,2
41,1,1
41,2,2
41,3,2
41,4,3
41,5,3
41,6,2
41,7,2
41,8,3
41,9,2
41,10,2
41,11,3
41,12,3
41,13,3
41,14,2
41,15,2
41,16,1
41,17,1
41,18,1
41,19,2
41,20,2
41,21,2
41,22,2
41,23,2
41,24,1
41,25,2
41,26,1
41,27,3
41,28,1
41,29,3
41,30,1
41,31,2
41,32,2
41,33,3
41,34,2
41,35,2
41,36,2
41,38,1
41,39,2
41,40,3
41,41,1
41,42,1
41,43,2
41,44,1
41,45,2
41,46,2
41,47,2
41,48,1
41,49,2
41,50,1
41,51,1
41,52,3
41,53,2
41,54,2
41,55,2
41,56,2
41,57,2
41,58,1
41,59,1
41,60,3
41,61,2
41,62,3
41,63,1
41,64,2
41,65,2
41,66,1
41,67,3
41,68,1
41,69,2
41,70,2
41,71,1
41,72,1
41,73,1
41,74,2
41,75,2
41,76,1
41,77,2
41,78,2
41,79,2
41,80,2
41,81,2
41,82,2
41,83,1
41,84,1
41,85,2
41,86,1
41,87,1
41,88,3
41,89,2
41,90,2
41,92,2
41,93,2
41,94,2
41,95,1
41,96,2
41,97,2
41,98,1
41,99,2
41,100,2
41,101,1
41,102,2
41,103,2
41,104,2
41,105,1
41,106,2
41,107,2
41,109,2
41,110,2
41,111,2
41,112,1
41,113,2
41,114,2
41,115,1
41,117,1
41,118,2
41,119,2
41,120,2
41,121,1
41,122,2
41,123,1
41,124,2
41,125,2
41,126,3
41,127,2
41,128,2
41,129,2
41,130,2
41,131,1
41,132,1
41,133,2
41,134,1
41,135,3
41,136,3
41,137,2
41,138,2
41,139,2
41,140,2
41,141,1
41,142,1
41,143,2
41,144,1
41,145,1
41,146,2
41,147,2
41,148,2
41,149,2
41,150,2
41,151,1
41,152,2
41,153,2
41,154,2
41,155,2
41,156,1
41,157,2
41,158,3
41,159,2
41,160,3
41,161,2
41,162,2
41,163,2
41,164,2
41,165,2
41,166,2
41,167,2
41,168,2
41,169,2
41,170,3
41,171,2
41,172,2
41,173,1
41,174,2
41,176,2
41,177,2
41,178,2
41,179,2
41,180,3
41,181,2
41,182,1
41,183,2
41,184,2
41,185,3
41,186,2
41,187,2
41,188,1
41,189,2
41,190,2
41,191,3
41,192,2
41,193,2
41,194,2
41,195,2
41,196,2
41,197,2
41,198,2
41,199,2
41,200,1
41,201,2
41,202,2
41,203,1
41,204,2
41,205,1
41,207,1
41,208,2
41,209,3
41,210,3
41,211,1
41,212,3
41,213,2
41,214,2
41,215,2
41,216,2
41,218,2
41,219,2
41,220,1
41,221,2
41,222,2
41,223,3
41,224,2
41,225,1
41,226,2
41,227,1
41,228,3
41,229,2
41,230,1
41,231,1
41,232,2
41,233,2
41,234,2
41,235,3
41,236,1
41,237,1
41,238,3
41,239,2
41,240,1
41,241,3
41,242,3
41,243,1
41,244,1
41,245,2
41,246,1
41,247,2
41,248,2
41,249,2
41,250,1
41,251,2
41,252,2
41,253,2
41,254,3
41,255,2
41,256,3
41,257,2
41,258,2
41,259,2
41,260,2
41,261,2
41,262,2
41,263,1
41,264,1
41,265,1
41,266,1
41,267,2
41,268,3
41,269,1
41,270,2
41,271,2
41,272,2
41,273,3
41,274,1
41,275,1
41,276,2
41,277,2
41,278,1
41,279,2
41,280,3
41,281,2
41,282,2
41,283,2
41,284,3
41,285,2
41,286,2
41,287,2
41,288,2
41,289,2
41,290,2
41,291,2
41,292,1
41,293,2
41,294,2
41,296,2
41,297,3
41,298,2
41,299,2
41,300,1
41,301,2
41,302,2
41,303,2
41,304,1
41,305,2
41,306,2
41,307,1
41,308,2
41,309,3
41,310,1
41,311,2
41,312,2
41,313,2
41,314,2
41,315,2
42,1,1
42,2,2
42,3,3
42,4,1
42,6,2
42,8,1
42,9,1
42,10,2
42,11,2
42,12,1
42,13,2
42,14,2
42,15,3
42,16,3
42,17,2
42,18,1
42,19,3
42,20,2
42,21,2
42,22,1
42,23,2
42,24,3
42,26,2
42,27,2
42,28,2
42,29,1
42,30,2
42,31,1
42,32,1
42,33,1
42,34,2
42,35,1
42,36,2
42,37,3
42,38,2
42,39,1
42,40,1
42,41,2
42,42,2
42,43,3
42,44,3
42,45,1
42,46,3
42,47,2
42,48,2
42,49,3
42,50,2
42,51,3
42,52,1
42,54,3
42,55,2
42,56,1
42,57,3
42,58,1
42,59,2
42,60,1
42,61,3
42,62,2
42,63,2
42,64,2
42,65,2
42,66,3
42,67,1
42,68,1
42,69,1
42,70,1
42,72,2
42,73,2
42,74,3
42,75,2
42,76,2
42,77,3
42,78,1
42,79,3
42,80,3
42,81,2
42,82,2
42,83,2
42,84,2
42,85,2
42,86,2
42,87,1
42,89,2
42,90,2
42,91,3
42,92,3
42,93,2
42,94,1
42,95,2
42,96,1
42,97,3
42,98,2
42,99,1
42,100,1
42,101,3
42,102,3
42,103,2
42,104,1
42,105,2
42,106,2
42,107,2
42,108,3
42,109,2
42,110,1
42,111,3
42,112,3
42,113,2
42,114,3
42,115,1
42,116,2
42,117,3
42,118,2
42,119,2
42,120,3
42,121,1
42,122,2
42,123,3
42,124,2
42,125,3
42,126,1
42,127,1
42,128,2
42,129,2
42,130,1
42,131,2
42,132,2
42,133,2
42,134,1
42,135,1
42,136,1
42,137,1
42,138,2
42,139,2
42,140,1
42,141,2
42,142,1
42,143,2
42,145,2
42,146,1
42,147,3
42,148,2
42,149,2
42,150,2
42,151,2
42,152,2
42,153,2
42,154,3
42,155,3
42,156,1
42,157,2
42,158,1
42,159,1
42,160,2
42,161,2
42,162,3
42,163,3
42,164,1
42,165,3
42,166,2
42,167,2
42,168,1
42,169,1
42,170,1
42,171,3
42,172,2
42,173,2
42,174,3
42,175,2
42,176,2
42,177,3
42,178,2
42,179,3
42,180,2
42,181,2
42,182,1
42,183,3
42,184,2
42,185,1
42,186,3
42,187,2
42,188,1
42,189,3
42,190,2
42,191,2
42,192,3
42,193,1
42,194,2
42,195,2
42,196,2
42,197,2
42,198,2
42,199,3
42,200,1
42,201,1
42,202,1
42,203,2
42,204,3
42,205,3
42,206,1
42,207,2
42,208,2
42,209,2
42,211,2
42,212,1
42,213,2
42,214,3
42,215,1
42,217,3
42,218,3
42,219,3
42,220,2
42,221,3
42,222,1
42,223,2
42,224,2
42,225,2
42,226,2
42,227,3
42,228,1
42,229,2
42,230,2
42,231,1
42,232,1
42,233,1
42,234,3
42,235,1
42,236,2
42,237,2
42,238,1
42,239,2
42,240,2
42,242,1
42,243,2
42,244,3
42,245,3
42,246,2
42,247,2
42,248,2
42,249,2
42,250,3
42,251,2
42,252,3
42,253,2
42,255,1
42,256,1
42,257,1
42,258,2
42,259,2
42,260,1
42,261,1
42,262,1
42,263,2
42,264,2
42,265,3
42,266,2
42,267,1
42,268,1
42,269,3
42,270,3
42,271,1
42,272,2
42,274,2
42,275,2
42,276,2
42,277,1
42,279,2
42,280,1
42,281,2
42,282,2
42,283,2
42,284,2
42,285,1
42,286,2
42,287,2
42,288,2
42,289,2
42,290,3
42,291,2
42,293,1
42,294,1
42,295,2
42,296,1
42,297,2
42,298,2
42,299,2
42,300,3
42,301,2
42,302,3
42,303,3
42,305,2
42,306,1
42,307,3
42,308,1
42,310,1
42,312,1
42,313,2
42,314,1
42,315,2
43,1,2
43,2,2
43,3,2
43,4,1
43,5,2
43,6,2
43,7,2
43,8,3
43,9,3
43,10,3
43,11,2
43,12,2
43,13,2
43,14,2
43,15,1
43,16,1
43,17,1
43,18,3
43,19,2
43,20,2
43,21,1
43,22,2
43,23,1
43,24,1
43,25,3
43,26,3
43,28,1
43,29,2
43,30,1
43,31,2
43,32,2
43,33,2
43,34,1
43,35,3
43,36,1
43,37,2
43,38,2
43,39,3
43,40,2
43,41,2
43,42,1
43,43,1
43,44,2
43,45,3
43,46,2
43,47,2
43,48,2
43,49,2
43,50,2
43,51,1
43,53,2
43,55,2
43,56,2
43,57,1
43,58,3
43,59,1
43,60,3
43,61,2
43,62,2
43,63,2
43,64,2
43,65,2
43,66,2
43,67,2
43,68,2
43,69,1
43,70,1
43,71,2
43,72,3
43,73,2
43,74,1
43,75,2
43,76,2
43,77,2
43,78,3
43,79,2
43,80,2
43,81,2
43,82,3
43,83,1
43,84,3
43,85,2
43,86,1
43,87,3
43,88,2
43,89,3
43,90,3
43,91,2
43,92,2
43,93,2
43,94,2
43,95,1
43,96,3
43,97,2
43,98,2
43,99,3
43,100,1
43,101,1
43,102,1
43,104,2
43,105,3
43,106,2
43,107,1
43,108,1
43,110,3
43,111,1
43,112,2
43,113,2
43,114,2
43,115,1
43,116,3
43,117,1
43,118,1
43,119,2
43,121,2
43,122,2
43,123,1
43,124,3
43,125,2
43,126,2
43,127,1
43,128,3
43,129,2
43,130,2
43,131,3
43,132,2
43,133,2
43,134,2
43,135,2
43,136,3
43,137,1
43,138,2
43,139,1
43,140,3
43,141,2
43,142,2
43,143,3
43,144,3
43,145,2
43,146,3
43,147,2
43,148,3
43,149,2
43,150,2
43,151,2
43,152,2
43,153,2
43,154,2
43,155,2
43,156,2
43,157,3
43,158,1
43,159,1
43,160,2
43,161,2
43,162,1
43,163,2
43,164,3
43,165,1
43,166,1
43,167,1
43,168,2
43,169,3
43,170,2
43,171,1
43,172,1
43,173,2
43,174,2
43,175,3
43,176,2
43,177,1
43,178,2
43,180,1
43,181,2
43,182,3
43,184,3
43,185,2
43,186,2
43,187,1
43,188,3
43,189,2
43,190,1
43,191,1
43,192,2
43,193,2
43,194,2
43,195,1
43,196,2
43,197,2
43,198,2
43,199,2
43,200,2
43,201,2
43,202,1
43,203,3
43,204,1
43,205,2
43,206,2
43,207,2
43,208,1
43,209,1
43,210,2
43,211,2
43,212,1
43,213,1
43,214,1
43,215,3
43,216,2
43,217,1
43,218,1
43,219,2
43,220,2
43,221,2
43,222,3
43,224,3
43,225,2
43,226,2
43,227,2
43,228,3
43,229,2
43,230,2
43,231,1
43,232,3
43,233,2
43,234,1
43,235,1
43,236,2
43,237,2
43,238,2
43,239,3
43,240,2
43,241,2
43,242,2
43,243,3
43,244,1
43,245,2
43,246,3
43,247,1
43,248,1
43,249,2
43,250,1
43,251,3
43,252,1
43,253,2
43,254,2
43,255,2
43,256,3
43,258,1
43,259,2
43,260,3
43,261,3
43,262,3
43,263,1
43,264,2
43,265,2
43,266,1
43,267,2
43,268,1
43,269,1
43,271,2
43,272,1
43,273,1
43,274,1
43,275,2
43,276,1
43,277,2
43,278,3
43,279,1
43,280,1
43,281,1
43,282,2
43,283,1
43,284,2
43,285,2
43,286,3
43,287,2
43,288,1
43,289,2
43,290,1
43,291,3
43,292,1
43,293,3
43,294,3
43,295,3
43,296,2
43,297,1
43,298,2
43,299,1
43,301,2
43,302,1
43,303,1
43,304,2
43,305,2
43,306,1
43,307,1
43,308,1
43,309,3
43,310,1
43,311,2
43,312,1
43,313,2
43,314,2
43,315,3
44,1,2
44,2,2
44,3,2
44,4,1
44,5,2
44,6,2
44,7,1
44,8,2
44,9,2
44,10,2
44,11,2
44,12,2
44,13,2
44,14,2
44,15,2
44,16,3
44,17,3
44,19,2
44,20,2
44,21,2
44,22,2
44,23,2
44,24,1
44,25,2
44,26,2
44,27,2
44,28,3
44,29,1
44,30,3
44,31,3
44,32,2
44,33,2
44,34,3
44,35,2
44,36,2
44,37,2
44,38,1
44,39,2
44,40,1
44,41,1
44,42,2
44,43,2
44,44,2
44,45,2
44,46,2
44,48,2
44,49,1
44,50,2
44,51,2
44,52,2
44,53,2
44,54,3
44,55,2
44,56,2
44,57,2
44,58,2
44,59,1
44,60,2
44,61,2
44,62,2
44,63,2
44,64,2
44,65,2
44,66,2
44,67,2
44,68,2
44,69,1
44,70,3
44,71,2
44,72,1
44,73,2
44,74,2
44,75,1
44,76,1
44,77,1
44,78,2
44,79,2
44,80,2
44,81,1
44,82,2
44,83,2
44,84,2
44,85,1
44,86,1
44,87,1
44,88,2
44,89,1
44,90,1
44,91,2
44,92,2
44,94,2
44,95,2
44,96,1
44,97,1
44,98,1
44,99,2
44,100,2
44,101,1
44,102,2
44,103,2
44,104,2
44,105,2
44,106,2
44,107,1
44,108,3
44,109,2
44,110,2
44,111,2
44,112,1
44,113,1
44,114,1
44,115,2
44,116,2
44,117,3
44,118,2
44,119,2
44,120,1
44,121,2
44,122,1
44,123,2
44,124,2
44,125,2
44,126,2
44,127,2
44,128,2
44,129,1
44,130,2
44,131,2
44,132,2
44,133,2
44,134,2
44,135,2
44,136,1
44,137,2
44,138,3
44,139,3
44,140,1
44,141,1
44,142,2
44,143,2
44,144,1
44,145,2
44,146,2
44,147,1
44,148,2
44,149,1
44,150,3
44,151,3
44,152,3
44,153,2
44,155,1
44,156,2
44,157,2
44,158,3
44,159,3
44,160,1
44,161,2
44,162,1
44,163,2
44,164,2
44,165,1
44,166,1
44,167,1
44,168,2
44,169,2
44,170,2
44,171,3
44,172,2
44,173,2
44,174,2
44,175,1
44,176,1
44,177,3
44,178,3
44,179,3
44,180,2
44,181,1
44,182,2
44,183,2
44,184,1
44,185,2
44,186,2
44,187,2
44,188,2
44,189,2
44,190,2
44,191,2
44,193,2
44,194,1
44,195,1
44,196,1
44,197,2
44,198,2
44,199,2
44,200,1
44,201,2
44,202,2
44,203,2
44,204,2
44,205,1
44,206,2
44,207,1
44,208,2
44,209,2
44,210,1
44,211,2
44,212,3
44,213,3
44,214,3
44,215,1
44,216,2
44,217,3
44,218,3
44,219,1
44,220,3
44,221,2
44,222,1
44,223,3
44,224,1
44,225,1
44,226,1
44,227,1
44,228,1
44,229,2
44,230,2
44,231,2
44,232,1
44,233,2
44,234,1
44,235,2
44,236,1
44,237,1
44,238,2
44,239,1
44,240,2
44,241,2
44,242,2
44,243,2
44,244,2
44,245,2
44,246,2
44,247,2
44,248,2
44,250,2
44,251,2
44,252,2
44,253,3
44,254,2
44,255,3
44,256,2
44,257,1
44,258,3
44,259,1
44,260,2
44,261,1
44,263,1
44,264,2
44,265,2
44,266,2
44,267,2
44,268,2
44,269,2
44,270,1
44,271,2
44,272,3
44,273,2
44,274,2
44,275,2
44,276,3
44,277,1
44,278,1
44,279,3
44,280,3
44,281,3
44,282,2
44,283,2
44,284,2
44,285,2
44,286,1
44,287,1
44,288,2
44,289,1
44,290,2
44,291,2
44,292,3
44,293,1
44,294,2
44,295,1
44,296,2
44,297,2
44,298,2
44,299,2
44,300,2
44,301,3
44,302,3
44,303,2
44,304,2
44,305,1
44,306,1
44,307,3
44,308,2
44,309,2
44,310,3
44,311,2
44,312,2
44,313,3
44,314,2
44,315,1
45,1,2
45,2,2
45,3,2
45,4,3
45,5,2
45,6,1
45,7,2
45,8,2
45,9,3
45,10,2
45,11,2
45,12,1
45,13,2
45,14,2
45,15,1
45,16,2
45,17,2
45,18,2
45,19,2
45,20,1
45,21,2
45,22,2
45,23,1
45,24,1
45,26,3
45,27,2
45,28,2
45,29,2
45,30,2
45,31,3
45,32,1
45,33,1
45,34,3
45,35,1
45,36,2
45,37,1
45,38,2
45,39,2
45,40,1
45,41,2
45,42,2
45,43,2
45,44,2
45,45,2
45,46,2
45,47,1
45,48,1
45,49,2
45,50,1
45,51,3
45,52,2
45,53,3
45,54,1
45,55,3
45,56,2
45,57,2
45,58,2
45,59,3
45,60,1
45,61,1
45,62,2
45,63,2
45,64,1
45,65,3
45,66,2
45,67,1
45,68,1
45,69,3
45,70,2
45,71,2
45,72,3
45,73,2
45,74,2
45,75,2
45,76,2
45,77,2
45,78,3
45,79,2
45,80,2
45,81,2
45,82,2
45,83,2
45,84,3
45,85,1
45,86,2
45,87,2
45,88,2
45,89,2
45,90,2
45,91,1
45,92,1
45,93,2
45,94,2
45,95,2
45,96,2
45,97,2
45,98,2
45,99,1
45,100,2
45,101,2
45,102,2
45,103,2
45,104,2
45,105,2
45,106,3
45,107,1
45,108,2
45,109,2
45,110,2
45,111,1
45,112,2
45,113,2
45,114,1
45,115,1
45,116,1
45,117,2
45,118,2
45,119,3
45,120,2
45,121,1
45,122,3
45,123,2
45,124,2
45,125,1
45,126,2
45,127,2
45,128,2
45,129,3
45,130,2
45,131,1
45,132,2
45,133,2
45,134,2
45,135,1
45,136,3
45,137,2
45,138,2
45,139,1
45,140,2
45,141,3
45,142,2
45,143,3
45,144,3
45,145,1
45,146,2
45,147,2
45,148,3
45,149,1
45,150,2
45,151,3
45,152,1
45,153,1
45,154,2
45,155,3
45,156,1
45,157,2
45,158,2
45,159,1
45,160,2
45,161,2
45,162,1
45,163,2
45,164,3
45,165,2
45,166,1
45,167,2
45,168,1
45,169,1
45,170,1
45,171,2
45,172,2
45,173,1
45,174,1
45,175,2
45,176,3
45,177,2
45,178,2
45,179,1
45,180,1
45,181,2
45,182,1
45,183,2
45,184,2
45,185,3
45,186,2
45,187,2
45,188,1
45,189,2
45,190,2
45,191,1
45,193,2
45,194,3
45,195,2
45,196,3
45,197,2
45,198,2
45,199,2
45,200,2
45,201,3
45,202,2
45,203,2
45,204,3
45,205,2
45,206,1
45,207,2
45,208,2
45,209,1
45,210,1
45,211,1
45,212,1
45,213,2
45,214,2
45,215,1
45,216,1
45,217,3
45,218,2
45,219,2
45,220,2
45,221,1
45,222,3
45,223,2
45,224,2
45,225,2
45,226,1
45,227,2
45,228,2
45,229,3
45,230,2
45,231,3
45,232,2
45,233,1
45,234,2
45,235,1
45,236,3
45,237,2
45,238,2
45,239,2
45,240,1
45,241,2
45,242,2
45,243,2
45,244,1
45,245,1
45,246,1
45,247,2
45,248,1
45,249,2
45,250,2
45,251,3
45,252,2
45,254,2
45,255,1
45,256,2
45,257,2
45,258,1
45,259,1
45,260,1
45,261,2
45,262,2
45,263,2
45,264,3
45,265,2
45,266,2
45,267,2
45,268,2
45,269,2
45,270,2
45,271,3
45,272,2
45,273,2
45,274,1
45,275,1
45,276,2
45,277,2
45,278,2
45,279,2
45,281,2
45,283,3
45,284,2
45,285,2
45,286,1
45,287,2
45,288,1
45,289,2
45,290,1
45,291,1
45,292,1
45,293,2
45,294,1
45,295,2
45,296,2
45,297,1
45,298,1
45,299,2
45,300,2
45,301,3
45,302,3
45,303,2
45,304,3
45,305,2
45,306,1
45,307,1
45,308,3
45,309,2
45,311,2
45,312,2
45,313,1
45,314,2
46,1,2
46,2,3
46,3,3
46,4,1
46,5,3
46,6,2
46,7,3
46,8,2
46,10,2
46,11,2
46,12,2
46,13,3
46,14,2
46,15,2
46,16,2
46,17,3
46,18,3
46,19,1
46,20,2
46,21,2
46,22,1
46,24,2
46,25,1
46,26,1
46,27,3
46,28,2
46,29,1
46,30,2
46,31,2
46,32,3
46,33,1
46,35,2
46,36,2
46,37,3
46,38,3
46,39,2
46,40,2
46,41,2
46,42,2
46,43,3
46,44,2
46,45,3
46,46,1
46,47,3
46,48,2
46,49,1
46,50,2
46,51,1
46,52,1
46,54,3
46,55,1
46,56,3
46,57,3
46,58,3
46,60,3
46,61,2
46,62,2
46,63,2
46,64,2
46,65,2
46,66,1
46,67,2
46,68,3
46,69,1
46,70,1
46,71,2
46,72,2
46,73,1
46,74,2
46,75,1
46,76,3
46,77,1
46,78,1
46,79,2
46,80,3
46,81,2
46,82,2
46,83,2
46,84,1
46,85,2
46,86,2
46,87,1
46,88,2
46,89,2
46,90,2
46,91,1
46,92,2
46,93,2
46,95,2
46,96,1
46,97,3
46,98,3
46,99,3
46,100,2
46,101,2
46,102,3
46,103,2
46,104,1
46,105,2
46,106,2
46,107,2
46,108,3
46,109,3
46,110,3
46,111,2
46,112,2
46,113,1
46,114,3
46,115,2
46,116,1
46,117,1
46,119,2
46,120,1
46,121,1
46,122,1
46,123,2
46,124,1
46,126,1
46,127,2
46,128,2
46,131,2
46,132,2
46,133,1
46,134,2
46,135,1
46,136,1
46,137,1
46,138,1
46,139,1
46,140,3
46,141,1
46,142,2
46,143,1
46,145,2
46,146,2
46,147,3
46,148,1
46,149,2
46,150,2
46,151,2
46,152,2
46,153,3
46,154,2
46,155,1
46,156,1
46,157,3
46,159,3
46,160,1
46,161,2
46,162,2
46,163,3
46,164,2
46,165,2
46,166,1
46,167,3
46,168,1
46,169,2
46,170,1
46,171,2
46,172,1
46,173,3
46,174,3
46,175,3
46,176,2
46,177,1
46,178,3
46,179,2
46,180,2
46,181,2
46,182,2
46,183,3
46,184,3
46,185,1
46,186,1
46,187,3
46,188,3
46,189,2
46,190,2
46,191,1
46,192,2
46,193,2
46,194,2
46,195,2
46,196,1
46,197,3
46,198,2
46,199,3
46,200,2
46,201,2
46,202,2
46,203,1
46,204,2
46,205,2
46,206,2
46,207,3
46,208,2
46,209,1
46,210,3
46,211,2
46,212,1
46,213,2
46,214,3
46,215,2
46,216,2
46,217,1
46,218,1
46,219,2
46,220,1
46,221,2
46,222,1
46,223,1
46,224,3
46,225,2
46,226,2
46,227,2
46,228,1
46,229,2
46,230,2
46,231,1
46,232,2
46,233,3
46,234,3
46,235,3
46,236,1
46,238,2
46,239,1
46,240,3
46,241,2
46,242,1
46,243,3
46,244,2
46,245,1
46,246,2
46,247,3
46,248,2
46,249,1
46,250,1
46,251,1
46,252,2
46,253,1
46,254,3
46,256,1
46,257,1
46,258,2
46,259,3
46,260,1
46,261,1
46,262,2
46,263,2
46,264,1
46,265,1
46,266,1
46,267,2
46,268,2
46,271,2
46,272,3
46,273,1
46,274,2
46,276,2
46,277,2
46,278,2
46,279,2
46,280,1
46,281,2
46,282,2
46,283,1
46,284,3
46,285,2
46,286,2
46,287,3
46,288,2
46,289,2
46,290,2
46,291,2
46,292,2
46,293,3
46,294,2
46,295,1
46,296,1
46,297,2
46,298,2
46,299,1
46,300,3
46,302,1
46,303,3
46,304,1
46,305,1
46,306,3
46,307,2
46,308,2
46,309,2
46,310,3
46,311,3
46,312,2
46,313,2
46,314,2
46,315,3
47,1,2
47,2,2
47,4,3
47,5,2
47,6,3
47,7,1
47,8,1
47,9,1
47,10,1
47,11,2
47,12,3
47,13,1
47,14,2
47,15,3
47,16,2
47,17,1
47,18,2
47,19,2
47,20,2
47,21,2
47,22,3
47,23,2
47,24,2
47,26,2
47,27,1
47,28,2
47,29,1
47,30,2
47,31,2
47,32,1
47,33,1
47,34,1
47,35,2
47,36,1
47,37,2
47,38,2
47,39,2
47,40,2
47,41,3
47,42,2
47,43,1
47,44,2
47,45,1
47,46,3
47,47,2
47,48,2
47,49,3
47,50,3
47,51,3
47,52,2
47,53,3
47,55,2
47,56,2
47,57,1
47,58,1
47,59,2
47,60,2
47,61,3
47,62,2
47,63,1
47,64,3
47,65,2
47,66,2
47,67,2
47,68,1
47,69,1
47,70,2
47,71,2
47,72,2
47,73,1
47,74,3
47,76,1
47,77,2
47,78,2
47,79,3
47,80,2
47,81,2
47,82,1
47,83,3
47,84,3
47,85,2
47,86,3
47,87,1
47,88,2
47,89,2
47,90,2
47,91,3
47,92,2
47,93,2
47,94,2
47,95,1
47,96,2
47,97,2
47,98,2
47,99,1
47,100,2
47,101,3
47,102,2
47,103,1
47,104,1
47,105,2
47,106,2
47,107,2
47,109,1
47,110,1
47,111,2
47,113,1
47,114,2
47,115,3
47,116,2
47,117,3
47,118,3
47,119,2
47,120,3
47,121,2
47,122,2
47,123,2
47,124,1
47,125,1
47,126,2
47,127,3
47,128,3
47,129,3
47,130,1
47,131,2
47,132,2
47,133,2
47,134,2
47,135,1
47,136,2
47,137,2
47,138,1
47,139,2
47,140,1
47,141,2
47,142,3
47,143,1
47,144,3
47,145,2
47,146,2
47,147,2
47,148,3
47,149,3
47,150,1
47,151,1
47,152,2
47,153,1
47,154,1
47,155,1
47,156,1
47,157,2
47,158,3
47,159,2
47,161,2
47,162,3
47,163,2
47,164,1
47,165,2
47,166,2
47,167,1
47,168,3
47,170,3
47,171,2
47,172,3
47,173,1
47,174,2
47,175,1
47,176,2
47,177,1
47,179,3
47,180,1
47,181,2
47,182,2
47,183,2
47,184,2
47,185,1
47,186,1
47,187,1
47,188,2
47,189,1
47,190,2
47,191,1
47,192,3
47,193,2
47,194,2
47,195,2
47,196,2
47,197,1
47,198,3
47,199,1
47,200,3
47,201,2
47,202,2
47,203,1
47,204,2
47,205,1
47,206,3
47,207,2
47,208,1
47,209,2
47,210,1
47,211,1
47,212,2
47,213,3
47,214,2
47,215,2
47,216,2
47,217,3
47,218,3
47,219,1
47,220,1
47,221,2
47,222,1
47,223,2
47,224,2
47,225,3
47,226,1
47,227,2
47,228,2
47,229,1
47,230,1
47,231,3
47,232,2
47,233,2
47,234,1
47,235,2
47,237,2
47,238,3
47,240,1
47,241,2
47,242,1
47,243,1
47,244,3
47,245,3
47,246,2
47,247,1
47,248,2
47,249,2
47,250,3
47,252,3
47,253,2
47,254,2
47,255,2
47,256,1
47,257,3
47,258,2
47,259,2
47,260,1
47,261,2
47,262,3
47,263,3
47,264,3
47,265,3
47,266,3
47,267,2
47,268,1
47,269,1
47,270,3
47,271,2
47,272,2
47,273,1
47,274,1
47,275,3
47,276,2
47,278,1
47,279,2
47,280,3
47,281,2
47,282,2
47,283,3
47,284,1
47,285,3
47,286,1
47,287,1
47,288,2
47,289,2
47,290,3
47,291,1
47,292,1
47,293,1
47,294,3
47,295,1
47,296,2
47,297,2
47,298,2
47,299,2
47,300,2
47,301,2
47,302,1
47,303,1
47,304,2
47,306,2
47,307,3
47,309,2
47,310,2
47,311,2
47,312,1
47,313,2
47,314,2
47,315,2
48,1,2
48,2,2
48,3,1
48,4,1
48,5,2
48,6,2
48,7,2
48,8,3
48,9,1
48,10,2
48,11,2
48,12,1
48,13,3
48,14,2
48,15,2
48,16,2
48,17,1
48,18,2
48,20,1
48,21,2
48,22,2
48,23,3
48,24,1
48,25,3
48,26,2
48,27,2
48,28,2
48,29,2
48,30,2
48,32,1
48,33,2
48,34,2
48,35,2
48,36,2
48,37,1
48,38,2
48,39,1
48,40,3
48,41,1
48,42,2
48,43,1
48,44,3
48,45,2
48,46,1
48,47,2
48,48,1
48,49,2
48,50,2
48,51,1
48,52,2
48,53,1
48,54,3
48,55,2
48,56,1
48,57,2
48,58,3
48,59,1
48,60,2
48,61,1
48,62,1
48,63,2
48,64,1
48,65,2
48,66,1
48,67,3
48,68,2
48,69,2
48,70,3
48,71,2
48,72,2
48,73,3
48,74,2
48,75,3
48,76,1
48,77,2
48,78,2
48,79,2
48,80,2
48,81,1
48,82,1
48,83,1
48,84,2
48,85,1
48,86,2
48,87,2
48,88,3
48,89,2
48,90,3
48,91,2
48,92,2
48,93,3
48,94,1
48,95,3
48,96,2
48,97,2
48,98,1
48,99,2
48,100,1
48,101,2
48,102,1
48,103,3
48,104,3
48,105,2
48,107,2
48,108,2
48,109,3
48,110,1
48,111,3
48,112,1
48,113,2
48,114,1
48,115,1
48,116,1
48,117,1
48,118,2
48,119,2
48,120,2
48,121,3
48,122,1
48,123,1
48,124,3
48,125,2
48,126,2
48,127,2
48,128,2
48,129,2
48,130,2
48,131,2
48,132,1
48,133,3
48,134,2
48,135,2
48,136,2
48,137,2
48,139,2
48,140,2
48,141,2
48,142,2
48,143,2
48,144,2
48,146,2
48,147,2
48,148,1
48,149,2
48,150,2
48,151,3
48,152,2
48,153,3
48,154,2
48,155,2
48,156,2
48,157,1
48,158,2
48,159,2
48,160,2
48,161,3
48,162,1
48,163,2
48,164,1
48,165,2
48,166,2
48,167,2
48,168,2
48,169,2
48,171,2
48,172,2
48,173,1
48,174,1
48,175,1
48,176,1
48,177,2
48,178,1
48,179,2
48,180,3
48,181,2
48,182,2
48,183,2
48,184,1
48,185,1
48,186,2
48,187,3
48,188,2
48,189,2
48,190,1
48,191,3
48,192,1
48,193,2
48,194,2
48,195,2
48,196,2
48,197,1
48,198,1
48,199,2
48,200,2
48,201,1
48,202,2
48,203,3
48,204,2
48,205,2
48,206,2
48,207,1
48,208,1
48,209,1
48,210,2
48,211,2
48,212,3
48,213,2
48,214,2
48,215,3
48,216,2
48,217,2
48,218,1
48,219,3
48,220,2
48,221,2
48,222,3
48,223,2
48,224,2
48,225,2
48,226,1
48,227,2
48,228,2
48,229,2
48,230,2
48,231,1
48,232,2
48,233,2
48,234,2
48,235,1
48,236,3
48,237,2
48,238,2
48,239,2
48,240,2
48,241,1
48,242,2
48,243,3
48,244,1
48,245,2
48,246,2
48,247,2
48,248,3
48,249,3
48,250,2
48,251,3
48,252,2
48,253,1
48,254,1
48,255,1
48,256,2
48,257,2
48,258,3
48,259,1
48,260,2
48,261,3
48,262,1
48,263,1
48,264,2
48,265,2
48,266,2
48,267,2
48,268,2
48,269,1
48,270,1
48,271,2
48,272,2
48,273,3
48,274,2
48,275,2
48,276,2
48,277,2
48,278,1
48,279,2
48,280,2
48,281,2
48,282,2
48,283,2
48,285,2
48,286,3
48,287,2
48,288,1
48,289,2
48,290,2
48,291,1
48,292,2
48,293,2
48,294,2
48,295,2
48,297,1
48,298,1
48,299,2
48,300,2
48,301,2
48,302,3
48,303,2
48,304,1
48,305,2
48,306,1
48,307,2
48,308,3
48,309,2
48,310,1
48,311,1
48,312,3
48,313,1
48,314,1
48,315,2
49,1,2
49,2,2
49,3,1
49,4,1
49,5,2
49,6,2
49,7,2
49,8,3
49,9,2
49,10,2
49,11,2
49,12,3
49,13,3
49,14,2
49,15,2
49,16,1
49,17,1
49,18,2
49,19,1
49,20,2
49,21,2
49,22,2
49,23,2
49,24,2
49,25,2
49,26,2
49,27,2
49,28,2
49,29,2
49,30,2
49,31,3
49,32,2
49,33,2
49,34,2
49,35,2
49,36,2
49,37,2
49,38,2
49,39,1
49,40,2
49,41,1
49,42,3
49,43,2
49,44,2
49,45,2
49,46,2
49,47,2
49,48,3
49,49,3
49,50,1
49,51,1
49,52,3
49,53,1
49,54,2
49,55,2
49,56,2
49,57,2
49,58,2
49,59,1
49,60,2
49,61,2
49,62,1
49,63,2
49,64,2
49,65,3
49,66,1
49,67,3
49,68,1
49,69,2
49,70,2
49,71,2
49,72,1
49,73,2
49,74,2
49,75,2
49,76,2
49,77,2
49,78,2
49,79,2
49,80,2
49,81,2
49,82,2
49,83,3
49,84,3
49,85,2
49,86,1
49,87,1
49,88,3
49,89,2
49,90,2
49,91,3
49,92,2
49,93,2
49,94,2
49,95,2
49,96,2
49,97,2
49,98,1
49,100,2
49,101,3
49,103,2
49,104,1
49,105,2
49,106,2
49,107,1
49,108,1
49,109,2
49,110,2
49,111,2
49,112,2
49,113,1
49,114,1
49,115,2
49,116,1
49,117,2
49,118,2
49,119,2
49,120,1
49,121,2
49,122,2
49,123,2
49,124,1
49,125,2
49,126,2
49,128,1
49,129,1
49,130,2
49,131,2
49,132,2
49,133,1
49,134,2
49,135,1
49,136,2
49,137,1
49,138,2
49,139,2
49,140,2
49,141,2
49,142,2
49,143,2
49,144,3
49,145,2
49,146,2
49,148,1
49,149,1
49,150,1
49,151,2
49,152,2
49,153,3
49,154,2
49,155,2
49,156,1
49,157,2
49,158,1
49,159,2
49,160,1
49,161,2
49,162,2
49,163,3
49,164,2
49,165,1
49,166,2
49,167,2
49,168,2
49,169,2
49,170,2
49,171,1
49,172,1
49,173,3
49,174,2
49,175,2
49,176,2
49,177,1
49,178,2
49,179,2
49,180,2
49,181,3
49,182,1
49,183,3
49,184,1
49,185,2
49,186,2
49,187,2
49,188,2
49,189,2
49,190,2
49,191,3
49,192,3
49,193,2
49,194,3
49,195,2
49,196,1
49,197,3
49,198,3
49,199,1
49,200,1
49,201,2
49,202,2
49,203,3
49,204,1
49,205,3
49,206,3
49,207,1
49,208,2
49,209,3
49,210,2
49,211,2
49,212,2
49,213,2
49,214,2
49,216,3
49,217,1
49,218,1
49,219,1
49,220,2
49,221,2
49,222,2
49,223,1
49,224,1
49,225,2
49,226,2
49,227,2
49,229,2
49,230,2
49,231,2
49,232,1
49,233,2
49,234,1
49,235,3
49,236,1
49,237,2
49,238,1
49,239,1
49,240,2
49,241,2
49,242,1
49,243,1
49,244,2
49,245,3
49,246,1
49,247,2
49,248,3
49,249,1
49,250,2
49,251,1
49,252,2
49,253,3
49,254,2
49,255,2
49,256,2
49,257,1
49,258,2
49,259,1
49,260,2
49,261,2
49,263,1
49,264,2
49,265,2
49,266,1
49,267,2
49,268,2
49,269,3
49,270,2
49,271,1
49,272,2
49,273,2
49,274,2
49,275,2
49,276,3
49,277,3
49,278,2
49,279,2
49,280,2
49,281,2
49,282,1
49,283,2
49,284,2
49,285,2
49,286,1
49,287,1
49,288,2
49,289,2
49,290,2
49,291,3
49,292,1
49,293,1
49,294,1
49,295,2
49,296,2
49,297,1
49,298,1
49,299,2
49,300,2
49,301,1
49,302,1
49,303,1
49,304,2
49,305,3
49,306,2
49,307,2
49,308,2
49,309,2
49,310,2
49,311,2
49,312,2
49,313,2
49,314,2
49,315,1
50,1,3
50,2,2
50,3,2
50,4,1
50,5,1
50,6,3
50,7,3
50,8,1
50,9,1
50,10,2
50,11,3
50,12,1
50,13,1
50,14,2
50,15,2
50,16,3
50,17,2
50,18,3
50,19,3
50,20,2
50,21,2
50,22,3
50,23,1
50,24,3
50,25,2
50,26,2
50,27,2
50,28,1
50,29,2
50,30,2
50,31,1
50,33,2
50,34,1
50,35,1
50,36,3
50,37,2
50,38,1
50,39,2
50,40,3
50,41,3
50,42,2
50,43,2
50,44,2
50,45,3
50,46,1
50,47,2
50,48,2
50,49,2
50,50,2
50,51,3
50,52,1
50,53,2
50,54,2
50,55,1
50,56,2
50,57,1
50,58,1
50,59,2
50,60,3
50,61,3
50,62,2
50,63,2
50,64,3
50,65,1
50,66,3
50,68,2
50,69,1
50,70,3
50,71,3
50,72,3
50,73,3
50,74,2
50,75,2
50,76,1
50,77,2
50,78,2
50,79,2
50,80,2
50,81,2
50,82,2
50,83,2
50,85,1
50,86,3
50,87,2
50,88,2
50,89,3
50,90,2
50,91,2
50,92,2
50,93,2
50,94,2
50,95,1
50,96,1
50,97,3
50,98,2
50,99,2
50,100,2
50,101,1
50,102,3
50,103,2
50,104,1
50,105,3
50,108,2
50,109,1
50,110,2
50,111,3
50,112,2
50,113,3
50,114,2
50,115,2
50,116,1
50,117,2
50,118,1
50,119,2
50,120,1
50,121,2
50,122,2
50,123,2
50,124,2
50,125,3
50,126,2
50,127,3
50,128,3
50,129,2
50,130,1
50,131,2
50,132,2
50,133,2
50,134,3
50,135,2
50,136,2
50,137,2
50,138,2
50,139,2
50,140,2
50,141,2
50,142,2
50,143,2
50,144,2
50,145,3
50,146,2
50,147,3
50,148,2
50,149,2
50,150,2
50,151,3
50,152,2
50,153,1
50,154,2
50,155,3
50,156,2
50,159,3
50,160,2
50,161,1
50,162,3
50,163,2
50,164,2
50,166,2
50,167,2
50,168,2
50,169,2
50,170,1
50,171,3
50,172,2
50,173,2
50,174,3
50,175,2
50,176,2
50,177,3
50,178,2
50,180,1
50,181,1
50,182,2
50,183,1
50,184,1
50,185,2
50,186,1
50,187,1
50,188,1
50,189,2
50,190,2
50,191,2
50,192,2
50,193,1
50,194,1
50,195,1
50,196,2
50,198,1
50,199,2
50,200,2
50,201,2
50,202,2
50,203,1
50,204,3
50,205,1
50,206,1
50,207,2
50,208,2
50,209,2
50,210,3
50,211,1
50,212,3
50,213,3
50,214,2
50,215,2
50,216,2
50,217,3
50,218,2
50,219,3
50,220,2
50,221,1
50,222,2
50,223,1
50,224,2
50,225,2
50,226,2
50,227,2
50,228,1
50,229,2
50,230,2
50,232,2
50,233,2
50,234,1
50,235,2
50,236,2
50,237,2
50,238,2
50,239,3
50,240,3
50,241,1
50,242,2
50,243,2
50,244,2
50,245,1
50,246,3
50,247,2
50,248,1
50,249,2
50,250,1
50,251,1
50,252,2
50,253,1
50,254,1
50,255,1
50,256,3
50,257,2
50,258,3
50,259,2
50,261,2
50,262,1
50,263,1
50,264,2
50,265,1
50,266,3
50,267,2
50,268,1
50,269,1
50,270,2
50,271,2
50,272,1
50,273,2
50,274,1
50,275,2
50,277,2
50,278,2
50,279,2
50,280,2
50,281,1
50,283,1
50,284,2
50,285,1
50,286,1
50,287,3
50,288,2
50,289,1
50,290,3
50,291,1
50,292,2
50,293,2
50,294,2
50,295,1
50,296,1
50,297,1
50,298,2
50,299,3
50,300,2
50,302,2
50,303,3
50,304,2
50,305,1
50,306,1
50,307,1
50,308,1
50,309,1
50,310,1
50,311,1
50,312,2
50,313,2
50,314,2
50,315,3
